/*
Navicat MySQL Data Transfer

Source Server         : 192.168.1.20
Source Server Version : 50171
Source Host           : 192.168.1.20:3306
Source Database       : usertracking

Target Server Type    : MYSQL
Target Server Version : 50171
File Encoding         : 65001

Date: 2013-12-11 16:46:27
*/

SET FOREIGN_KEY_CHECKS=0;
-- ----------------------------
-- Table structure for `configs`
-- ----------------------------
DROP TABLE IF EXISTS `configs`;
CREATE TABLE `configs` (
  `config_id` int(11) NOT NULL AUTO_INCREMENT,
  `config_key` varchar(500) NOT NULL,
  `config_value` varchar(1000) NOT NULL,
  `description` varchar(1000) NOT NULL,
  PRIMARY KEY (`config_id`)
) ENGINE=InnoDB AUTO_INCREMENT=2 DEFAULT CHARSET=utf8;

-- ----------------------------
-- Records of configs
-- ----------------------------
INSERT INTO `configs` VALUES ('1', 'position', 'position', 'vị trí');

-- ----------------------------
-- Table structure for `tracking_cta_page`
-- ----------------------------
DROP TABLE IF EXISTS `tracking_cta_page`;
CREATE TABLE `tracking_cta_page` (
  `page_id` int(11) NOT NULL AUTO_INCREMENT,
  `page_name` varchar(255) NOT NULL,
  `page_url` varchar(1000) NOT NULL,
  `success_url` varchar(1000) NOT NULL,
  `cta_position` varchar(255) NOT NULL,
  `description` varchar(1000) NOT NULL,
  PRIMARY KEY (`page_id`)
) ENGINE=InnoDB DEFAULT CHARSET=utf8;

-- ----------------------------
-- Records of tracking_cta_page
-- ----------------------------

-- ----------------------------
-- Table structure for `tracking_domain`
-- ----------------------------
DROP TABLE IF EXISTS `tracking_domain`;
CREATE TABLE `tracking_domain` (
  `domain_id` int(11) NOT NULL AUTO_INCREMENT,
  `domain_name` varchar(255) NOT NULL,
  `domain` varchar(255) NOT NULL,
  `description` varchar(500) NOT NULL,
  PRIMARY KEY (`domain_id`)
) ENGINE=InnoDB AUTO_INCREMENT=2 DEFAULT CHARSET=utf8;

-- ----------------------------
-- Records of tracking_domain
-- ----------------------------
INSERT INTO `tracking_domain` VALUES ('1', 'Name update...', 'http://192.168.1.20', 'Des update...');

-- ----------------------------
-- Table structure for `tracking_retracking`
-- ----------------------------
DROP TABLE IF EXISTS `tracking_retracking`;
CREATE TABLE `tracking_retracking` (
  `id` int(11) NOT NULL AUTO_INCREMENT,
  `ip_client` varchar(200) DEFAULT NULL,
  `brower` varchar(200) DEFAULT NULL,
  `time_start` datetime DEFAULT NULL,
  `time_end` datetime DEFAULT NULL,
  `guid` varchar(200) DEFAULT NULL,
  `id_url` varchar(200) NOT NULL,
  `id_url_refer` varchar(200) NOT NULL,
  PRIMARY KEY (`id`)
) ENGINE=InnoDB AUTO_INCREMENT=85 DEFAULT CHARSET=utf8;

-- ----------------------------
-- Records of tracking_retracking
-- ----------------------------
INSERT INTO `tracking_retracking` VALUES ('1', '192.168.1.17', 'Mozilla/5.0 (Windows NT 6.1; rv:25.0) Gecko/20100101 Firefox/25.0', '2013-11-06 09:04:27', '2013-12-06 16:07:23', '{8C82AE78-BFF0-3E59-3570-C75C1E13E23A}', '{20B1A3A2-4428-DB26-2033-DBA59D4C3DF4}', '{1BDD4667-DEE6-F2CD-1F83-C6118DBB8C7D}');
INSERT INTO `tracking_retracking` VALUES ('2', '192.168.1.17', 'Mozilla/5.0 (Windows NT 6.1; rv:25.0) Gecko/20100101 Firefox/25.0', '2013-11-06 09:04:27', '2013-12-06 16:07:33', '{8C82AE78-BFF0-3E59-3570-C75C1E13E23A}', '{20B1A3A2-4428-DB26-2033-DBA59D4C3DF4}', '{1BDD4667-DEE6-F2CD-1F83-C6118DBB8C7D}');
INSERT INTO `tracking_retracking` VALUES ('3', '192.168.1.17', 'Mozilla/5.0 (Windows NT 6.1; rv:25.0) Gecko/20100101 Firefox/25.0', '2013-11-06 09:06:33', '2013-12-06 16:09:28', '{8C82AE78-BFF0-3E59-3570-C75C1E13E23A}', '{FDDFE04C-7E1B-6411-46CA-86AEF0849A54}', '{20B1A3A2-4428-DB26-2033-DBA59D4C3DF4}');
INSERT INTO `tracking_retracking` VALUES ('4', '192.168.1.17', 'Mozilla/5.0 (Windows NT 6.1; rv:25.0) Gecko/20100101 Firefox/25.0', '2013-11-06 09:07:00', '2013-12-06 16:09:55', '{8C82AE78-BFF0-3E59-3570-C75C1E13E23A}', '{2679F7BC-6913-7537-DB83-A40D8773137B}', '{2679F7BC-6913-7537-DB83-A40D8773137B}');
INSERT INTO `tracking_retracking` VALUES ('5', '192.168.1.17', 'Mozilla/5.0 (Windows NT 6.1; rv:25.0) Gecko/20100101 Firefox/25.0', '2013-11-06 09:07:27', '2013-12-06 16:10:22', '{8C82AE78-BFF0-3E59-3570-C75C1E13E23A}', '{20B1A3A2-4428-DB26-2033-DBA59D4C3DF4}', '{2679F7BC-6913-7537-DB83-A40D8773137B}');
INSERT INTO `tracking_retracking` VALUES ('6', '192.168.1.19', 'Mozilla/5.0 (Windows NT 5.1; rv:25.0) Gecko/20100101 Firefox/25.0 AlexaToolbar/alxf-2.19', '2013-11-06 09:34:54', '2013-12-06 16:37:52', '{A3A11FC4-75E0-51A9-0AE8-230B66B2AC9F}', '{1BDD4667-DEE6-F2CD-1F83-C6118DBB8C7D}', '');
INSERT INTO `tracking_retracking` VALUES ('7', '192.168.1.19', 'Mozilla/5.0 (Windows NT 5.1; rv:25.0) Gecko/20100101 Firefox/25.0 AlexaToolbar/alxf-2.19', '2013-11-06 09:34:54', '2013-12-06 16:38:02', '{A3A11FC4-75E0-51A9-0AE8-230B66B2AC9F}', '{1BDD4667-DEE6-F2CD-1F83-C6118DBB8C7D}', '{98565F0B-A918-EDD8-5898-0CBE9D2F653A}');
INSERT INTO `tracking_retracking` VALUES ('8', '192.168.1.19', 'Mozilla/5.0 (Windows NT 5.1; rv:25.0) Gecko/20100101 Firefox/25.0 AlexaToolbar/alxf-2.19', '2013-11-06 09:34:54', '2013-12-06 16:38:12', '{A3A11FC4-75E0-51A9-0AE8-230B66B2AC9F}', '{1BDD4667-DEE6-F2CD-1F83-C6118DBB8C7D}', '{98565F0B-A918-EDD8-5898-0CBE9D2F653A}');
INSERT INTO `tracking_retracking` VALUES ('9', '192.168.1.19', 'Mozilla/5.0 (Windows NT 5.1; rv:25.0) Gecko/20100101 Firefox/25.0 AlexaToolbar/alxf-2.19', '2013-11-06 09:35:33', '2013-12-06 16:38:32', '{A3A11FC4-75E0-51A9-0AE8-230B66B2AC9F}', '{1BDD4667-DEE6-F2CD-1F83-C6118DBB8C7D}', '{98565F0B-A918-EDD8-5898-0CBE9D2F653A}');
INSERT INTO `tracking_retracking` VALUES ('10', '192.168.1.17', 'Mozilla/5.0 (Windows NT 6.1; rv:25.0) Gecko/20100101 Firefox/25.0', '2013-11-06 09:37:52', '2013-12-06 16:40:47', '{8C82AE78-BFF0-3E59-3570-C75C1E13E23A}', '{1BDD4667-DEE6-F2CD-1F83-C6118DBB8C7D}', '{98565F0B-A918-EDD8-5898-0CBE9D2F653A}');
INSERT INTO `tracking_retracking` VALUES ('11', '192.168.1.17', 'Mozilla/5.0 (Windows NT 6.1; rv:25.0) Gecko/20100101 Firefox/25.0', '2013-11-06 09:38:08', '2013-12-06 16:41:03', '{8C82AE78-BFF0-3E59-3570-C75C1E13E23A}', '{A8F529D6-0E6A-ABE4-E2D4-45D57D3D60DB}', '{1BDD4667-DEE6-F2CD-1F83-C6118DBB8C7D}');
INSERT INTO `tracking_retracking` VALUES ('12', '192.168.1.19', 'Mozilla/5.0 (Windows NT 5.1; rv:25.0) Gecko/20100101 Firefox/25.0 AlexaToolbar/alxf-2.19', '2013-11-06 09:55:41', '2013-12-06 16:58:39', '{A3A11FC4-75E0-51A9-0AE8-230B66B2AC9F}', '{2679F7BC-6913-7537-DB83-A40D8773137B}', '{1BDD4667-DEE6-F2CD-1F83-C6118DBB8C7D}');
INSERT INTO `tracking_retracking` VALUES ('13', '192.168.1.19', 'Mozilla/5.0 (Windows NT 5.1; rv:25.0) Gecko/20100101 Firefox/25.0 AlexaToolbar/alxf-2.19', '2013-11-06 09:56:31', '2013-12-06 16:59:29', '{A3A11FC4-75E0-51A9-0AE8-230B66B2AC9F}', '{BCE3056C-8BD5-B6E7-A993-584281B0779D}', '{2679F7BC-6913-7537-DB83-A40D8773137B}');
INSERT INTO `tracking_retracking` VALUES ('14', '192.168.1.19', 'Mozilla/5.0 (Windows NT 5.1; rv:25.0) Gecko/20100101 Firefox/25.0 AlexaToolbar/alxf-2.19', '2013-11-06 09:56:31', '2013-12-06 16:59:39', '{A3A11FC4-75E0-51A9-0AE8-230B66B2AC9F}', '{BCE3056C-8BD5-B6E7-A993-584281B0779D}', '{2679F7BC-6913-7537-DB83-A40D8773137B}');
INSERT INTO `tracking_retracking` VALUES ('15', '192.168.1.19', 'Mozilla/5.0 (Windows NT 5.1; rv:25.0) Gecko/20100101 Firefox/25.0 AlexaToolbar/alxf-2.19', '2013-11-06 09:56:31', '2013-12-06 16:59:49', '{A3A11FC4-75E0-51A9-0AE8-230B66B2AC9F}', '{BCE3056C-8BD5-B6E7-A993-584281B0779D}', '{2679F7BC-6913-7537-DB83-A40D8773137B}');
INSERT INTO `tracking_retracking` VALUES ('16', '192.168.1.17', 'Mozilla/5.0 (Windows NT 6.1; rv:25.0) Gecko/20100101 Firefox/25.0', '2013-11-06 10:32:26', '2013-12-06 17:35:21', '{8C82AE78-BFF0-3E59-3570-C75C1E13E23A}', '', '{98565F0B-A918-EDD8-5898-0CBE9D2F653A}');
INSERT INTO `tracking_retracking` VALUES ('17', '192.168.1.17', 'Mozilla/5.0 (Windows NT 6.1; rv:25.0) Gecko/20100101 Firefox/25.0', '2013-11-06 10:32:26', '2013-12-06 17:35:31', '{8C82AE78-BFF0-3E59-3570-C75C1E13E23A}', '{FEE9CB4F-B081-EFC7-A6F0-2736B6DB55B3}', '{98565F0B-A918-EDD8-5898-0CBE9D2F653A}');
INSERT INTO `tracking_retracking` VALUES ('18', '192.168.1.17', 'Mozilla/5.0 (Windows NT 6.1; rv:25.0) Gecko/20100101 Firefox/25.0', '2013-11-06 10:52:53', '2013-12-06 17:55:48', '{8C82AE78-BFF0-3E59-3570-C75C1E13E23A}', '{20B1A3A2-4428-DB26-2033-DBA59D4C3DF4}', '{CAA20447-356B-A935-7CCD-BCCBF4105D90}');
INSERT INTO `tracking_retracking` VALUES ('19', '192.168.1.17', 'Mozilla/5.0 (Windows NT 6.1; rv:25.0) Gecko/20100101 Firefox/25.0', '2013-11-06 10:53:07', '2013-12-06 17:56:02', '{8C82AE78-BFF0-3E59-3570-C75C1E13E23A}', '{BCE3056C-8BD5-B6E7-A993-584281B0779D}', '{20B1A3A2-4428-DB26-2033-DBA59D4C3DF4}');
INSERT INTO `tracking_retracking` VALUES ('20', '192.168.1.17', 'Mozilla/5.0 (Windows NT 6.1; rv:25.0) Gecko/20100101 Firefox/25.0', '2013-11-06 10:55:13', '2013-12-06 17:58:08', '{8C82AE78-BFF0-3E59-3570-C75C1E13E23A}', '{A8F529D6-0E6A-ABE4-E2D4-45D57D3D60DB}', '{BCE3056C-8BD5-B6E7-A993-584281B0779D}');
INSERT INTO `tracking_retracking` VALUES ('21', '192.168.1.17', 'Mozilla/5.0 (Windows NT 6.1; rv:25.0) Gecko/20100101 Firefox/25.0', '2013-11-06 10:55:13', '2013-12-06 17:58:18', '{8C82AE78-BFF0-3E59-3570-C75C1E13E23A}', '{A8F529D6-0E6A-ABE4-E2D4-45D57D3D60DB}', '{BCE3056C-8BD5-B6E7-A993-584281B0779D}');
INSERT INTO `tracking_retracking` VALUES ('22', '192.168.1.17', 'Mozilla/5.0 (Windows NT 6.1; rv:25.0) Gecko/20100101 Firefox/25.0', '2013-11-06 10:55:38', '2013-12-06 17:58:33', '{8C82AE78-BFF0-3E59-3570-C75C1E13E23A}', '{20B1A3A2-4428-DB26-2033-DBA59D4C3DF4}', '{A8F529D6-0E6A-ABE4-E2D4-45D57D3D60DB}');
INSERT INTO `tracking_retracking` VALUES ('23', '192.168.1.17', 'Mozilla/5.0 (Windows NT 6.1; rv:25.0) Gecko/20100101 Firefox/25.0', '2013-11-06 11:14:44', '2013-12-06 18:17:39', '{8C82AE78-BFF0-3E59-3570-C75C1E13E23A}', '{A8F529D6-0E6A-ABE4-E2D4-45D57D3D60DB}', '{20B1A3A2-4428-DB26-2033-DBA59D4C3DF4}');
INSERT INTO `tracking_retracking` VALUES ('24', '192.168.1.17', 'Mozilla/5.0 (Windows NT 6.1; rv:25.0) Gecko/20100101 Firefox/25.0', '2013-11-06 11:19:49', '2013-12-06 18:22:44', '{8C82AE78-BFF0-3E59-3570-C75C1E13E23A}', '{D084A8F7-BD37-EA19-7E0A-A2D92C1942CF}', '{BCE3056C-8BD5-B6E7-A993-584281B0779D}');
INSERT INTO `tracking_retracking` VALUES ('25', '192.168.1.17', 'Mozilla/5.0 (Windows NT 6.1; rv:25.0) Gecko/20100101 Firefox/25.0', '2013-11-06 11:19:49', '2013-12-06 18:22:54', '{8C82AE78-BFF0-3E59-3570-C75C1E13E23A}', '{D084A8F7-BD37-EA19-7E0A-A2D92C1942CF}', '{BCE3056C-8BD5-B6E7-A993-584281B0779D}');
INSERT INTO `tracking_retracking` VALUES ('26', '192.168.1.17', 'Mozilla/5.0 (Windows NT 6.1; rv:25.0) Gecko/20100101 Firefox/25.0', '2013-11-06 11:20:01', '2013-12-06 18:22:56', '{8C82AE78-BFF0-3E59-3570-C75C1E13E23A}', '{C5BA4C8A-4765-5EE9-20F9-5D947CC7B7BB}', '{D084A8F7-BD37-EA19-7E0A-A2D92C1942CF}');
INSERT INTO `tracking_retracking` VALUES ('27', '192.168.1.17', 'Mozilla/5.0 (Windows NT 6.1; rv:25.0) Gecko/20100101 Firefox/25.0', '2013-11-06 11:20:05', '2013-12-06 18:23:00', '{8C82AE78-BFF0-3E59-3570-C75C1E13E23A}', '{1D7001B6-2197-1FCA-E10C-2B67FCF70AE2}', '{D084A8F7-BD37-EA19-7E0A-A2D92C1942CF}');
INSERT INTO `tracking_retracking` VALUES ('28', '192.168.1.17', 'Mozilla/5.0 (Windows NT 6.1; rv:25.0) Gecko/20100101 Firefox/25.0', '2013-11-06 11:46:40', '2013-12-06 18:49:35', '{8C82AE78-BFF0-3E59-3570-C75C1E13E23A}', '{17048755-D863-89F9-F627-A8151D00DE43}', '{1D7001B6-2197-1FCA-E10C-2B67FCF70AE2}');
INSERT INTO `tracking_retracking` VALUES ('29', '192.168.1.17', 'Mozilla/5.0 (Windows NT 6.1; rv:25.0) Gecko/20100101 Firefox/25.0', '2013-11-06 11:46:42', '2013-12-06 18:49:37', '{8C82AE78-BFF0-3E59-3570-C75C1E13E23A}', '{1D7001B6-2197-1FCA-E10C-2B67FCF70AE2}', '{1D7001B6-2197-1FCA-E10C-2B67FCF70AE2}');
INSERT INTO `tracking_retracking` VALUES ('30', '192.168.1.17', 'Mozilla/5.0 (Windows NT 6.1; rv:25.0) Gecko/20100101 Firefox/25.0', '2013-11-06 13:51:01', '2013-12-06 20:53:56', '{8C82AE78-BFF0-3E59-3570-C75C1E13E23A}', '{1D7001B6-2197-1FCA-E10C-2B67FCF70AE2}', '{1D7001B6-2197-1FCA-E10C-2B67FCF70AE2}');
INSERT INTO `tracking_retracking` VALUES ('31', '192.168.1.17', 'Mozilla/5.0 (Windows NT 6.1; rv:25.0) Gecko/20100101 Firefox/25.0', '2013-11-06 13:51:01', '2013-12-06 20:54:06', '{8C82AE78-BFF0-3E59-3570-C75C1E13E23A}', '{1D7001B6-2197-1FCA-E10C-2B67FCF70AE2}', '{1D7001B6-2197-1FCA-E10C-2B67FCF70AE2}');
INSERT INTO `tracking_retracking` VALUES ('32', '192.168.1.17', 'Mozilla/5.0 (Windows NT 6.1; rv:25.0) Gecko/20100101 Firefox/25.0', '2013-11-06 13:51:01', '2013-12-06 20:54:16', '{8C82AE78-BFF0-3E59-3570-C75C1E13E23A}', '{1D7001B6-2197-1FCA-E10C-2B67FCF70AE2}', '{1D7001B6-2197-1FCA-E10C-2B67FCF70AE2}');
INSERT INTO `tracking_retracking` VALUES ('33', '192.168.1.17', 'Mozilla/5.0 (Windows NT 6.1; rv:25.0) Gecko/20100101 Firefox/25.0', '2013-11-06 13:51:01', '2013-12-06 20:54:26', '{8C82AE78-BFF0-3E59-3570-C75C1E13E23A}', '{1D7001B6-2197-1FCA-E10C-2B67FCF70AE2}', '{1D7001B6-2197-1FCA-E10C-2B67FCF70AE2}');
INSERT INTO `tracking_retracking` VALUES ('34', '192.168.1.17', 'Mozilla/5.0 (Windows NT 6.1; rv:25.0) Gecko/20100101 Firefox/25.0', '2013-11-06 13:51:01', '2013-12-06 20:54:36', '{8C82AE78-BFF0-3E59-3570-C75C1E13E23A}', '{1D7001B6-2197-1FCA-E10C-2B67FCF70AE2}', '{1D7001B6-2197-1FCA-E10C-2B67FCF70AE2}');
INSERT INTO `tracking_retracking` VALUES ('35', '192.168.1.17', 'Mozilla/5.0 (Windows NT 6.1; rv:25.0) Gecko/20100101 Firefox/25.0', '2013-11-06 13:51:01', '2013-12-06 20:54:46', '{8C82AE78-BFF0-3E59-3570-C75C1E13E23A}', '{1D7001B6-2197-1FCA-E10C-2B67FCF70AE2}', '{1D7001B6-2197-1FCA-E10C-2B67FCF70AE2}');
INSERT INTO `tracking_retracking` VALUES ('36', '192.168.1.17', 'Mozilla/5.0 (Windows NT 6.1; rv:25.0) Gecko/20100101 Firefox/25.0', '2013-11-06 13:51:01', '2013-12-06 20:54:56', '{8C82AE78-BFF0-3E59-3570-C75C1E13E23A}', '{1D7001B6-2197-1FCA-E10C-2B67FCF70AE2}', '{1D7001B6-2197-1FCA-E10C-2B67FCF70AE2}');
INSERT INTO `tracking_retracking` VALUES ('37', '192.168.1.48', 'Mozilla/5.0 (Macintosh; Intel Mac OS X 10_8_5) AppleWebKit/537.71 (KHTML, like Gecko) Version/6.1 Safari/537.71', '2013-11-06 15:06:14', '2013-12-06 22:09:15', '{8A9F49DD-7AE3-3C41-FB34-69619D963F00}', '{1BDD4667-DEE6-F2CD-1F83-C6118DBB8C7D}', '{98565F0B-A918-EDD8-5898-0CBE9D2F653A}');
INSERT INTO `tracking_retracking` VALUES ('38', '192.168.1.48', 'Mozilla/5.0 (Macintosh; Intel Mac OS X 10_8_5) AppleWebKit/537.71 (KHTML, like Gecko) Version/6.1 Safari/537.71', '2013-11-06 15:07:16', '2013-12-06 22:10:07', '{8A9F49DD-7AE3-3C41-FB34-69619D963F00}', '{20B1A3A2-4428-DB26-2033-DBA59D4C3DF4}', '{1BDD4667-DEE6-F2CD-1F83-C6118DBB8C7D}');
INSERT INTO `tracking_retracking` VALUES ('39', '192.168.1.48', 'Mozilla/5.0 (Macintosh; Intel Mac OS X 10_8_5) AppleWebKit/537.71 (KHTML, like Gecko) Version/6.1 Safari/537.71', '2013-11-06 15:07:16', '2013-12-06 22:10:18', '{8A9F49DD-7AE3-3C41-FB34-69619D963F00}', '{20B1A3A2-4428-DB26-2033-DBA59D4C3DF4}', '{1BDD4667-DEE6-F2CD-1F83-C6118DBB8C7D}');
INSERT INTO `tracking_retracking` VALUES ('40', '192.168.1.48', 'Mozilla/5.0 (Macintosh; Intel Mac OS X 10_8_5) AppleWebKit/537.71 (KHTML, like Gecko) Version/6.1 Safari/537.71', '2013-11-06 15:07:45', '2013-12-06 22:10:37', '{8A9F49DD-7AE3-3C41-FB34-69619D963F00}', '{1D7001B6-2197-1FCA-E10C-2B67FCF70AE2}', '{17048755-D863-89F9-F627-A8151D00DE43}');
INSERT INTO `tracking_retracking` VALUES ('41', '192.168.1.48', 'Mozilla/5.0 (Macintosh; Intel Mac OS X 10_8_5) AppleWebKit/537.71 (KHTML, like Gecko) Version/6.1 Safari/537.71', '2013-11-06 15:07:45', '2013-12-06 22:10:47', '{8A9F49DD-7AE3-3C41-FB34-69619D963F00}', '{1D7001B6-2197-1FCA-E10C-2B67FCF70AE2}', '{17048755-D863-89F9-F627-A8151D00DE43}');
INSERT INTO `tracking_retracking` VALUES ('42', '192.168.1.48', 'Mozilla/5.0 (Macintosh; Intel Mac OS X 10_8_5) AppleWebKit/537.71 (KHTML, like Gecko) Version/6.1 Safari/537.71', '2013-11-06 15:07:45', '2013-12-06 22:10:57', '{8A9F49DD-7AE3-3C41-FB34-69619D963F00}', '{1D7001B6-2197-1FCA-E10C-2B67FCF70AE2}', '{17048755-D863-89F9-F627-A8151D00DE43}');
INSERT INTO `tracking_retracking` VALUES ('43', '192.168.1.48', 'Mozilla/5.0 (Macintosh; Intel Mac OS X 10_8_5) AppleWebKit/537.71 (KHTML, like Gecko) Version/6.1 Safari/537.71', '2013-11-06 15:08:17', '2013-12-06 22:11:09', '{8A9F49DD-7AE3-3C41-FB34-69619D963F00}', '{867D8999-7D8C-7EC3-83A8-FB9383C35E02}', '{1D7001B6-2197-1FCA-E10C-2B67FCF70AE2}');
INSERT INTO `tracking_retracking` VALUES ('44', '192.168.1.48', 'Mozilla/5.0 (Macintosh; Intel Mac OS X 10_8_5) AppleWebKit/537.71 (KHTML, like Gecko) Version/6.1 Safari/537.71', '2013-11-06 15:09:44', '2013-12-06 22:12:36', '{8A9F49DD-7AE3-3C41-FB34-69619D963F00}', '{B6E7FC33-91DB-E7A2-5DF3-FC5FC6DDC754}', '{867D8999-7D8C-7EC3-83A8-FB9383C35E02}');
INSERT INTO `tracking_retracking` VALUES ('45', '192.168.1.17', 'Mozilla/5.0 (Windows NT 6.1; rv:25.0) Gecko/20100101 Firefox/25.0', '2013-11-09 15:03:21', '2013-12-09 22:06:24', '{8C82AE78-BFF0-3E59-3570-C75C1E13E23A}', '{B6E7FC33-91DB-E7A2-5DF3-FC5FC6DDC754}', '{C5BA4C8A-4765-5EE9-20F9-5D947CC7B7BB}');
INSERT INTO `tracking_retracking` VALUES ('46', '192.168.1.17', 'Mozilla/5.0 (Windows NT 6.1; rv:25.0) Gecko/20100101 Firefox/25.0', '2013-11-09 15:06:45', '2013-12-09 22:09:48', '{8C82AE78-BFF0-3E59-3570-C75C1E13E23A}', '{BE8AA88A-7A59-BEB8-563B-0797D321854C}', '{BE8AA88A-7A59-BEB8-563B-0797D321854C}');
INSERT INTO `tracking_retracking` VALUES ('47', '192.168.1.17', 'Mozilla/5.0 (Windows NT 6.1; rv:25.0) Gecko/20100101 Firefox/25.0', '2013-11-09 15:06:45', '2013-12-09 22:09:58', '{8C82AE78-BFF0-3E59-3570-C75C1E13E23A}', '{BE8AA88A-7A59-BEB8-563B-0797D321854C}', '{BE8AA88A-7A59-BEB8-563B-0797D321854C}');
INSERT INTO `tracking_retracking` VALUES ('48', '192.168.1.17', 'Mozilla/5.0 (Windows NT 6.1; rv:25.0) Gecko/20100101 Firefox/25.0', '2013-11-09 15:06:45', '2013-12-09 22:10:08', '{8C82AE78-BFF0-3E59-3570-C75C1E13E23A}', '{BE8AA88A-7A59-BEB8-563B-0797D321854C}', '{BE8AA88A-7A59-BEB8-563B-0797D321854C}');
INSERT INTO `tracking_retracking` VALUES ('49', '192.168.1.17', 'Mozilla/5.0 (Windows NT 6.1; rv:25.0) Gecko/20100101 Firefox/25.0', '2013-11-09 15:06:45', '2013-12-09 22:10:18', '{8C82AE78-BFF0-3E59-3570-C75C1E13E23A}', '{BE8AA88A-7A59-BEB8-563B-0797D321854C}', '{BE8AA88A-7A59-BEB8-563B-0797D321854C}');
INSERT INTO `tracking_retracking` VALUES ('50', '192.168.1.17', 'Mozilla/5.0 (Windows NT 6.1; rv:25.0) Gecko/20100101 Firefox/25.0', '2013-11-09 15:07:41', '2013-12-09 22:10:44', '{8C82AE78-BFF0-3E59-3570-C75C1E13E23A}', '{A2AEE210-44D4-6198-0BF2-449F45842DBA}', '{BE8AA88A-7A59-BEB8-563B-0797D321854C}');
INSERT INTO `tracking_retracking` VALUES ('51', '192.168.1.17', 'Mozilla/5.0 (Windows NT 6.1; rv:25.0) Gecko/20100101 Firefox/25.0', '2013-11-09 15:07:41', '2013-12-09 22:10:54', '{8C82AE78-BFF0-3E59-3570-C75C1E13E23A}', '{A2AEE210-44D4-6198-0BF2-449F45842DBA}', '{BE8AA88A-7A59-BEB8-563B-0797D321854C}');
INSERT INTO `tracking_retracking` VALUES ('52', '192.168.1.17', 'Mozilla/5.0 (Windows NT 6.1; rv:25.0) Gecko/20100101 Firefox/25.0', '2013-11-09 15:07:41', '2013-12-09 22:11:04', '{8C82AE78-BFF0-3E59-3570-C75C1E13E23A}', '{A2AEE210-44D4-6198-0BF2-449F45842DBA}', '{BE8AA88A-7A59-BEB8-563B-0797D321854C}');
INSERT INTO `tracking_retracking` VALUES ('53', '192.168.1.17', 'Mozilla/5.0 (Windows NT 6.1; rv:25.0) Gecko/20100101 Firefox/25.0', '2013-11-09 15:13:08', '2013-12-09 22:16:11', '{8C82AE78-BFF0-3E59-3570-C75C1E13E23A}', '{D41D6CCE-1B22-E360-FBDB-74FC8C9BB4D4}', '');
INSERT INTO `tracking_retracking` VALUES ('54', '192.168.1.17', 'Mozilla/5.0 (Windows NT 6.1; rv:25.0) Gecko/20100101 Firefox/25.0', '2013-11-09 15:14:06', '2013-12-09 22:17:09', '{8C82AE78-BFF0-3E59-3570-C75C1E13E23A}', '{9CE3F8DF-0D31-323D-4CAC-D41ED7247BDF}', '{184A9ED4-C559-85D8-E808-007773BCE513}');
INSERT INTO `tracking_retracking` VALUES ('55', '192.168.1.17', 'Mozilla/5.0 (Windows NT 6.1; rv:25.0) Gecko/20100101 Firefox/25.0', '2013-11-09 15:14:06', '2013-12-09 22:17:19', '{8C82AE78-BFF0-3E59-3570-C75C1E13E23A}', '{9CE3F8DF-0D31-323D-4CAC-D41ED7247BDF}', '{184A9ED4-C559-85D8-E808-007773BCE513}');
INSERT INTO `tracking_retracking` VALUES ('56', '192.168.1.17', 'Mozilla/5.0 (Windows NT 6.1; rv:25.0) Gecko/20100101 Firefox/25.0', '2013-11-09 15:14:29', '2013-12-09 22:17:33', '{8C82AE78-BFF0-3E59-3570-C75C1E13E23A}', '{37F9B7C2-99A7-3790-1796-15F9DA151406}', '{9CE3F8DF-0D31-323D-4CAC-D41ED7247BDF}');
INSERT INTO `tracking_retracking` VALUES ('57', '192.168.1.17', 'Mozilla/5.0 (Windows NT 6.1; rv:25.0) Gecko/20100101 Firefox/25.0', '2013-11-09 15:14:52', '2013-12-09 22:17:56', '{8C82AE78-BFF0-3E59-3570-C75C1E13E23A}', '{BF1802BE-465F-5234-5B57-4C2E2ED09351}', '{37F9B7C2-99A7-3790-1796-15F9DA151406}');
INSERT INTO `tracking_retracking` VALUES ('58', '192.168.1.17', 'Mozilla/5.0 (Windows NT 6.1; rv:25.0) Gecko/20100101 Firefox/25.0', '2013-11-09 15:17:04', '2013-12-09 22:20:07', '{8C82AE78-BFF0-3E59-3570-C75C1E13E23A}', '{37F9B7C2-99A7-3790-1796-15F9DA151406}', '{9CE3F8DF-0D31-323D-4CAC-D41ED7247BDF}');
INSERT INTO `tracking_retracking` VALUES ('59', '192.168.1.17', 'Mozilla/5.0 (Windows NT 6.1; rv:25.0) Gecko/20100101 Firefox/25.0', '2013-11-09 15:19:24', '2013-12-09 22:22:27', '{8C82AE78-BFF0-3E59-3570-C75C1E13E23A}', '{7C07630B-CBD3-EFD2-6E32-E35F7536C2C2}', '');
INSERT INTO `tracking_retracking` VALUES ('60', '192.168.1.17', 'Mozilla/5.0 (Windows NT 6.1; rv:25.0) Gecko/20100101 Firefox/25.0', '2013-11-09 15:20:06', '2013-12-09 22:23:10', '{8C82AE78-BFF0-3E59-3570-C75C1E13E23A}', '{0763DDA4-F262-5ED3-B11A-D2C2920BFD15}', '{7C07630B-CBD3-EFD2-6E32-E35F7536C2C2}');
INSERT INTO `tracking_retracking` VALUES ('61', '192.168.1.17', 'Mozilla/5.0 (Windows NT 6.1; rv:25.0) Gecko/20100101 Firefox/25.0', '2013-11-09 15:20:06', '2013-12-09 22:23:20', '{8C82AE78-BFF0-3E59-3570-C75C1E13E23A}', '{0763DDA4-F262-5ED3-B11A-D2C2920BFD15}', '{7C07630B-CBD3-EFD2-6E32-E35F7536C2C2}');
INSERT INTO `tracking_retracking` VALUES ('62', '192.168.1.17', 'Mozilla/5.0 (Windows NT 6.1; rv:25.0) Gecko/20100101 Firefox/25.0', '2013-11-09 15:22:44', '2013-12-09 22:25:47', '{8C82AE78-BFF0-3E59-3570-C75C1E13E23A}', '{F3B7F1DF-3C47-3D3C-C51A-A44EA6C419F1}', '{0763DDA4-F262-5ED3-B11A-D2C2920BFD15}');
INSERT INTO `tracking_retracking` VALUES ('63', '192.168.1.17', 'Mozilla/5.0 (Windows NT 6.1; rv:25.0) Gecko/20100101 Firefox/25.0', '2013-11-09 15:22:44', '2013-12-09 22:25:57', '{8C82AE78-BFF0-3E59-3570-C75C1E13E23A}', '{F3B7F1DF-3C47-3D3C-C51A-A44EA6C419F1}', '{0763DDA4-F262-5ED3-B11A-D2C2920BFD15}');
INSERT INTO `tracking_retracking` VALUES ('64', '192.168.1.17', 'Mozilla/5.0 (Windows NT 6.1; rv:25.0) Gecko/20100101 Firefox/25.0', '2013-11-09 15:23:06', '2013-12-09 22:26:09', '{8C82AE78-BFF0-3E59-3570-C75C1E13E23A}', '{52D5494C-23FB-C5D3-F338-2C1C8B6B8C1C}', '{F3B7F1DF-3C47-3D3C-C51A-A44EA6C419F1}');
INSERT INTO `tracking_retracking` VALUES ('65', '192.168.1.17', 'Mozilla/5.0 (Windows NT 6.1; rv:25.0) Gecko/20100101 Firefox/25.0', '2013-11-09 15:23:21', '2013-12-09 22:26:25', '{8C82AE78-BFF0-3E59-3570-C75C1E13E23A}', '{7C07630B-CBD3-EFD2-6E32-E35F7536C2C2}', '{52D5494C-23FB-C5D3-F338-2C1C8B6B8C1C}');
INSERT INTO `tracking_retracking` VALUES ('66', '192.168.1.17', 'Mozilla/5.0 (Windows NT 6.1; rv:25.0) Gecko/20100101 Firefox/25.0', '2013-11-09 15:23:52', '2013-12-09 22:26:55', '{8C82AE78-BFF0-3E59-3570-C75C1E13E23A}', '{30BEE455-4B3A-82AA-F57F-0807C443943F}', '{7C07630B-CBD3-EFD2-6E32-E35F7536C2C2}');
INSERT INTO `tracking_retracking` VALUES ('67', '192.168.1.17', 'Mozilla/5.0 (Windows NT 6.1; rv:25.0) Gecko/20100101 Firefox/25.0', '2013-11-09 15:24:05', '2013-12-09 22:27:09', '{8C82AE78-BFF0-3E59-3570-C75C1E13E23A}', '{55835B31-6E59-2F75-5163-1B46A8901D2C}', '{30BEE455-4B3A-82AA-F57F-0807C443943F}');
INSERT INTO `tracking_retracking` VALUES ('68', '192.168.1.17', 'Mozilla/5.0 (Windows NT 6.1; rv:25.0) Gecko/20100101 Firefox/25.0', '2013-11-09 15:24:42', '2013-12-09 22:27:45', '{8C82AE78-BFF0-3E59-3570-C75C1E13E23A}', '{F615C546-D42D-94DF-B462-1D84BE9E8A0C}', '{30BEE455-4B3A-82AA-F57F-0807C443943F}');
INSERT INTO `tracking_retracking` VALUES ('69', '192.168.1.17', 'Mozilla/5.0 (Windows NT 6.1; rv:25.0) Gecko/20100101 Firefox/25.0', '2013-11-09 15:24:56', '2013-12-09 22:27:59', '{8C82AE78-BFF0-3E59-3570-C75C1E13E23A}', '{7C07630B-CBD3-EFD2-6E32-E35F7536C2C2}', '{F615C546-D42D-94DF-B462-1D84BE9E8A0C}');
INSERT INTO `tracking_retracking` VALUES ('70', '192.168.1.17', 'Mozilla/5.0 (Windows NT 6.1; rv:25.0) Gecko/20100101 Firefox/25.0', '2013-11-09 15:25:23', '2013-12-09 22:28:26', '{8C82AE78-BFF0-3E59-3570-C75C1E13E23A}', '{F3B7F1DF-3C47-3D3C-C51A-A44EA6C419F1}', '{30BEE455-4B3A-82AA-F57F-0807C443943F}');
INSERT INTO `tracking_retracking` VALUES ('71', '192.168.1.17', 'Mozilla/5.0 (Windows NT 6.1) AppleWebKit/537.36 (KHTML, like Gecko) Chrome/31.0.1650.63 Safari/537.36', '2013-11-10 09:24:51', '2013-12-10 16:27:58', '{672BAF53-5476-87F9-8631-95B9F3052BCB}', '{7C07630B-CBD3-EFD2-6E32-E35F7536C2C2}', '{46861145-454F-F4AD-D70E-98A40E3BD491}');
INSERT INTO `tracking_retracking` VALUES ('72', '192.168.1.17', 'Mozilla/5.0 (Windows NT 6.1) AppleWebKit/537.36 (KHTML, like Gecko) Chrome/31.0.1650.63 Safari/537.36', '2013-11-10 09:25:04', '2013-12-10 16:28:11', '{672BAF53-5476-87F9-8631-95B9F3052BCB}', '{0763DDA4-F262-5ED3-B11A-D2C2920BFD15}', '{7C07630B-CBD3-EFD2-6E32-E35F7536C2C2}');
INSERT INTO `tracking_retracking` VALUES ('73', '192.168.1.17', 'Mozilla/5.0 (Windows NT 6.1) AppleWebKit/537.36 (KHTML, like Gecko) Chrome/31.0.1650.63 Safari/537.36', '2013-11-10 09:25:16', '2013-12-10 16:28:23', '{672BAF53-5476-87F9-8631-95B9F3052BCB}', '{52D5494C-23FB-C5D3-F338-2C1C8B6B8C1C}', '{0763DDA4-F262-5ED3-B11A-D2C2920BFD15}');
INSERT INTO `tracking_retracking` VALUES ('74', '192.168.1.17', 'Mozilla/5.0 (Windows NT 6.1) AppleWebKit/537.36 (KHTML, like Gecko) Chrome/31.0.1650.63 Safari/537.36', '2013-11-10 09:25:34', '2013-12-10 16:28:41', '{672BAF53-5476-87F9-8631-95B9F3052BCB}', '{55835B31-6E59-2F75-5163-1B46A8901D2C}', '{52D5494C-23FB-C5D3-F338-2C1C8B6B8C1C}');
INSERT INTO `tracking_retracking` VALUES ('75', '192.168.1.17', 'Mozilla/5.0 (Windows NT 6.1) AppleWebKit/537.36 (KHTML, like Gecko) Chrome/31.0.1650.63 Safari/537.36', '2013-11-10 09:25:59', '2013-12-10 16:29:06', '{672BAF53-5476-87F9-8631-95B9F3052BCB}', '{7C07630B-CBD3-EFD2-6E32-E35F7536C2C2}', '{46861145-454F-F4AD-D70E-98A40E3BD491}');
INSERT INTO `tracking_retracking` VALUES ('76', '192.168.1.17', 'Mozilla/5.0 (Windows NT 6.1) AppleWebKit/537.36 (KHTML, like Gecko) Chrome/31.0.1650.63 Safari/537.36', '2013-11-10 09:25:59', '2013-12-10 16:29:16', '{672BAF53-5476-87F9-8631-95B9F3052BCB}', '{7C07630B-CBD3-EFD2-6E32-E35F7536C2C2}', '{46861145-454F-F4AD-D70E-98A40E3BD491}');
INSERT INTO `tracking_retracking` VALUES ('77', '192.168.1.17', 'Mozilla/5.0 (Windows NT 6.1) AppleWebKit/537.36 (KHTML, like Gecko) Chrome/31.0.1650.63 Safari/537.36', '2013-11-10 09:27:40', '2013-12-10 16:30:47', '{672BAF53-5476-87F9-8631-95B9F3052BCB}', '{52D5494C-23FB-C5D3-F338-2C1C8B6B8C1C}', '{0763DDA4-F262-5ED3-B11A-D2C2920BFD15}');
INSERT INTO `tracking_retracking` VALUES ('78', '192.168.1.17', 'Mozilla/5.0 (Windows NT 6.1) AppleWebKit/537.36 (KHTML, like Gecko) Chrome/31.0.1650.63 Safari/537.36', '2013-11-10 09:27:55', '2013-12-10 16:31:02', '{672BAF53-5476-87F9-8631-95B9F3052BCB}', '{F3B7F1DF-3C47-3D3C-C51A-A44EA6C419F1}', '{F615C546-D42D-94DF-B462-1D84BE9E8A0C}');
INSERT INTO `tracking_retracking` VALUES ('79', '192.168.1.17', 'Mozilla/5.0 (Windows NT 6.1) AppleWebKit/537.36 (KHTML, like Gecko) Chrome/31.0.1650.63 Safari/537.36', '2013-11-10 09:28:08', '2013-12-10 16:31:15', '{672BAF53-5476-87F9-8631-95B9F3052BCB}', '{7C07630B-CBD3-EFD2-6E32-E35F7536C2C2}', '{F3B7F1DF-3C47-3D3C-C51A-A44EA6C419F1}');
INSERT INTO `tracking_retracking` VALUES ('80', '192.168.1.17', 'Mozilla/5.0 (Windows NT 6.1) AppleWebKit/537.36 (KHTML, like Gecko) Chrome/31.0.1650.63 Safari/537.36', '2013-11-10 09:31:04', '2013-12-10 16:34:11', '{672BAF53-5476-87F9-8631-95B9F3052BCB}', '{7C07630B-CBD3-EFD2-6E32-E35F7536C2C2}', '{46861145-454F-F4AD-D70E-98A40E3BD491}');
INSERT INTO `tracking_retracking` VALUES ('81', '192.168.1.17', 'Mozilla/5.0 (Windows NT 6.1; rv:25.0) Gecko/20100101 Firefox/25.0', '2013-11-10 09:42:49', '2013-12-10 16:45:56', '{8C82AE78-BFF0-3E59-3570-C75C1E13E23A}', '{F615C546-D42D-94DF-B462-1D84BE9E8A0C}', '{0442A05C-8AE4-C3E6-8133-7D3C55CD4026}');
INSERT INTO `tracking_retracking` VALUES ('82', '192.168.1.17', 'Mozilla/5.0 (Windows NT 6.1; rv:25.0) Gecko/20100101 Firefox/25.0', '2013-11-10 09:43:04', '2013-12-10 16:46:11', '{8C82AE78-BFF0-3E59-3570-C75C1E13E23A}', '{F3B7F1DF-3C47-3D3C-C51A-A44EA6C419F1}', '{F615C546-D42D-94DF-B462-1D84BE9E8A0C}');
INSERT INTO `tracking_retracking` VALUES ('83', '192.168.1.17', 'Mozilla/5.0 (Windows NT 6.1; rv:25.0) Gecko/20100101 Firefox/25.0', '2013-11-10 09:46:32', '2013-12-10 16:49:39', '{8C82AE78-BFF0-3E59-3570-C75C1E13E23A}', '{F3B7F1DF-3C47-3D3C-C51A-A44EA6C419F1}', '{F615C546-D42D-94DF-B462-1D84BE9E8A0C}');
INSERT INTO `tracking_retracking` VALUES ('84', '192.168.1.17', 'Mozilla/5.0 (Windows NT 6.1; rv:25.0) Gecko/20100101 Firefox/25.0', '2013-11-10 09:46:32', '2013-12-10 16:49:49', '{8C82AE78-BFF0-3E59-3570-C75C1E13E23A}', '{F3B7F1DF-3C47-3D3C-C51A-A44EA6C419F1}', '{F615C546-D42D-94DF-B462-1D84BE9E8A0C}');

-- ----------------------------
-- Table structure for `tracking_success_page`
-- ----------------------------
DROP TABLE IF EXISTS `tracking_success_page`;
CREATE TABLE `tracking_success_page` (
  `page_id` int(11) NOT NULL AUTO_INCREMENT,
  `page_name` varchar(255) NOT NULL,
  `page_url` varchar(1000) NOT NULL,
  `description` varchar(1000) NOT NULL,
  PRIMARY KEY (`page_id`)
) ENGINE=InnoDB AUTO_INCREMENT=7 DEFAULT CHARSET=utf8;

-- ----------------------------
-- Records of tracking_success_page
-- ----------------------------
INSERT INTO `tracking_success_page` VALUES ('1', 'dasdas', 'dasdas', 'dasddas');
INSERT INTO `tracking_success_page` VALUES ('5', 'name', 'url', 'test');
INSERT INTO `tracking_success_page` VALUES ('6', 'kkk', 'kk', 'kkkk');

-- ----------------------------
-- Table structure for `tracking_tracking`
-- ----------------------------
DROP TABLE IF EXISTS `tracking_tracking`;
CREATE TABLE `tracking_tracking` (
  `id` int(11) NOT NULL AUTO_INCREMENT,
  `ip_client` varchar(200) DEFAULT NULL,
  `time_start` datetime DEFAULT NULL,
  `time_end` datetime DEFAULT NULL,
  `brower` varchar(200) DEFAULT NULL,
  `guid` varchar(200) NOT NULL,
  `id_url` varchar(200) NOT NULL,
  `id_url_refer` varchar(200) NOT NULL,
  `cta_position` varchar(200) NOT NULL,
  `session_id` varchar(200) DEFAULT NULL,
  PRIMARY KEY (`id`)
) ENGINE=InnoDB AUTO_INCREMENT=202 DEFAULT CHARSET=utf8;

-- ----------------------------
-- Records of tracking_tracking
-- ----------------------------
INSERT INTO `tracking_tracking` VALUES ('182', '192.168.1.17', '2013-11-09 15:25:14', null, 'Mozilla/5.0 (Windows NT 6.1; rv:25.0) Gecko/20100101 Firefox/25.0', '{8C82AE78-BFF0-3E59-3570-C75C1E13E23A}', '{30BEE455-4B3A-82AA-F57F-0807C443943F}', '{7C07630B-CBD3-EFD2-6E32-E35F7536C2C2}', 'right', '{E6627F21-F99D-3A77-52C3-908CFF79953F}');
INSERT INTO `tracking_tracking` VALUES ('183', '192.168.1.17', '2013-11-09 15:25:23', null, 'Mozilla/5.0 (Windows NT 6.1; rv:25.0) Gecko/20100101 Firefox/25.0', '{8C82AE78-BFF0-3E59-3570-C75C1E13E23A}', '{F3B7F1DF-3C47-3D3C-C51A-A44EA6C419F1}', '{30BEE455-4B3A-82AA-F57F-0807C443943F}', 'left', '{E6627F21-F99D-3A77-52C3-908CFF79953F}');
INSERT INTO `tracking_tracking` VALUES ('184', '192.168.1.17', '2013-11-10 09:25:04', null, 'Mozilla/5.0 (Windows NT 6.1) AppleWebKit/537.36 (KHTML, like Gecko) Chrome/31.0.1650.63 Safari/537.36', '{672BAF53-5476-87F9-8631-95B9F3052BCB}', '{0763DDA4-F262-5ED3-B11A-D2C2920BFD15}', '{7C07630B-CBD3-EFD2-6E32-E35F7536C2C2}', 'defaul position', '{49F2DEB6-179E-EB42-2FB3-5C47C6E53963}');
INSERT INTO `tracking_tracking` VALUES ('185', '192.168.1.17', '2013-11-10 09:25:16', null, 'Mozilla/5.0 (Windows NT 6.1) AppleWebKit/537.36 (KHTML, like Gecko) Chrome/31.0.1650.63 Safari/537.36', '{672BAF53-5476-87F9-8631-95B9F3052BCB}', '{52D5494C-23FB-C5D3-F338-2C1C8B6B8C1C}', '{0763DDA4-F262-5ED3-B11A-D2C2920BFD15}', 'defaul position', '{49F2DEB6-179E-EB42-2FB3-5C47C6E53963}');
INSERT INTO `tracking_tracking` VALUES ('186', '192.168.1.17', '2013-11-10 09:25:34', null, 'Mozilla/5.0 (Windows NT 6.1) AppleWebKit/537.36 (KHTML, like Gecko) Chrome/31.0.1650.63 Safari/537.36', '{672BAF53-5476-87F9-8631-95B9F3052BCB}', '{55835B31-6E59-2F75-5163-1B46A8901D2C}', '{52D5494C-23FB-C5D3-F338-2C1C8B6B8C1C}', 'bottom', '{49F2DEB6-179E-EB42-2FB3-5C47C6E53963}');
INSERT INTO `tracking_tracking` VALUES ('187', '192.168.1.17', '2013-11-10 09:25:59', null, 'Mozilla/5.0 (Windows NT 6.1) AppleWebKit/537.36 (KHTML, like Gecko) Chrome/31.0.1650.63 Safari/537.36', '{672BAF53-5476-87F9-8631-95B9F3052BCB}', '{7C07630B-CBD3-EFD2-6E32-E35F7536C2C2}', '{46861145-454F-F4AD-D70E-98A40E3BD491}', 'defaul position', '{49F2DEB6-179E-EB42-2FB3-5C47C6E53963}');
INSERT INTO `tracking_tracking` VALUES ('188', '192.168.1.17', '2013-11-10 09:26:23', null, 'Mozilla/5.0 (Windows NT 6.1) AppleWebKit/537.36 (KHTML, like Gecko) Chrome/31.0.1650.63 Safari/537.36', '{672BAF53-5476-87F9-8631-95B9F3052BCB}', '{7C07630B-CBD3-EFD2-6E32-E35F7536C2C2}', '{46861145-454F-F4AD-D70E-98A40E3BD491}', 'defaul position', '{49F2DEB6-179E-EB42-2FB3-5C47C6E53963}');
INSERT INTO `tracking_tracking` VALUES ('189', '192.168.1.17', '2013-11-10 09:27:34', null, 'Mozilla/5.0 (Windows NT 6.1) AppleWebKit/537.36 (KHTML, like Gecko) Chrome/31.0.1650.63 Safari/537.36', '{672BAF53-5476-87F9-8631-95B9F3052BCB}', '{0763DDA4-F262-5ED3-B11A-D2C2920BFD15}', '{46861145-454F-F4AD-D70E-98A40E3BD491}', 'defaul position', '{49F2DEB6-179E-EB42-2FB3-5C47C6E53963}');
INSERT INTO `tracking_tracking` VALUES ('190', '192.168.1.17', '2013-11-10 09:27:40', null, 'Mozilla/5.0 (Windows NT 6.1) AppleWebKit/537.36 (KHTML, like Gecko) Chrome/31.0.1650.63 Safari/537.36', '{672BAF53-5476-87F9-8631-95B9F3052BCB}', '{52D5494C-23FB-C5D3-F338-2C1C8B6B8C1C}', '{0763DDA4-F262-5ED3-B11A-D2C2920BFD15}', 'defaul position', '{49F2DEB6-179E-EB42-2FB3-5C47C6E53963}');
INSERT INTO `tracking_tracking` VALUES ('191', '192.168.1.17', '2013-11-10 09:27:52', null, 'Mozilla/5.0 (Windows NT 6.1) AppleWebKit/537.36 (KHTML, like Gecko) Chrome/31.0.1650.63 Safari/537.36', '{672BAF53-5476-87F9-8631-95B9F3052BCB}', '{0763DDA4-F262-5ED3-B11A-D2C2920BFD15}', '{46861145-454F-F4AD-D70E-98A40E3BD491}', 'defaul position', '{49F2DEB6-179E-EB42-2FB3-5C47C6E53963}');
INSERT INTO `tracking_tracking` VALUES ('192', '192.168.1.17', '2013-11-10 09:27:53', null, 'Mozilla/5.0 (Windows NT 6.1) AppleWebKit/537.36 (KHTML, like Gecko) Chrome/31.0.1650.63 Safari/537.36', '{672BAF53-5476-87F9-8631-95B9F3052BCB}', '{F615C546-D42D-94DF-B462-1D84BE9E8A0C}', '{0763DDA4-F262-5ED3-B11A-D2C2920BFD15}', 'top', '{49F2DEB6-179E-EB42-2FB3-5C47C6E53963}');
INSERT INTO `tracking_tracking` VALUES ('193', '192.168.1.17', '2013-11-10 09:27:55', null, 'Mozilla/5.0 (Windows NT 6.1) AppleWebKit/537.36 (KHTML, like Gecko) Chrome/31.0.1650.63 Safari/537.36', '{672BAF53-5476-87F9-8631-95B9F3052BCB}', '{F3B7F1DF-3C47-3D3C-C51A-A44EA6C419F1}', '{F615C546-D42D-94DF-B462-1D84BE9E8A0C}', 'left', '{49F2DEB6-179E-EB42-2FB3-5C47C6E53963}');
INSERT INTO `tracking_tracking` VALUES ('194', '192.168.1.17', '2013-11-10 09:28:08', null, 'Mozilla/5.0 (Windows NT 6.1) AppleWebKit/537.36 (KHTML, like Gecko) Chrome/31.0.1650.63 Safari/537.36', '{672BAF53-5476-87F9-8631-95B9F3052BCB}', '{7C07630B-CBD3-EFD2-6E32-E35F7536C2C2}', '{F3B7F1DF-3C47-3D3C-C51A-A44EA6C419F1}', 'defaul position', '{49F2DEB6-179E-EB42-2FB3-5C47C6E53963}');
INSERT INTO `tracking_tracking` VALUES ('195', '192.168.1.17', '2013-11-10 09:28:54', null, 'Mozilla/5.0 (Windows NT 6.1) AppleWebKit/537.36 (KHTML, like Gecko) Chrome/31.0.1650.63 Safari/537.36', '{672BAF53-5476-87F9-8631-95B9F3052BCB}', '{F3B7F1DF-3C47-3D3C-C51A-A44EA6C419F1}', '{F615C546-D42D-94DF-B462-1D84BE9E8A0C}', 'left', '{49F2DEB6-179E-EB42-2FB3-5C47C6E53963}');
INSERT INTO `tracking_tracking` VALUES ('196', '192.168.1.17', '2013-11-10 09:28:56', null, 'Mozilla/5.0 (Windows NT 6.1) AppleWebKit/537.36 (KHTML, like Gecko) Chrome/31.0.1650.63 Safari/537.36', '{672BAF53-5476-87F9-8631-95B9F3052BCB}', '{F615C546-D42D-94DF-B462-1D84BE9E8A0C}', '{0763DDA4-F262-5ED3-B11A-D2C2920BFD15}', 'top', '{49F2DEB6-179E-EB42-2FB3-5C47C6E53963}');
INSERT INTO `tracking_tracking` VALUES ('197', '192.168.1.17', '2013-11-10 09:28:58', null, 'Mozilla/5.0 (Windows NT 6.1) AppleWebKit/537.36 (KHTML, like Gecko) Chrome/31.0.1650.63 Safari/537.36', '{672BAF53-5476-87F9-8631-95B9F3052BCB}', '{0763DDA4-F262-5ED3-B11A-D2C2920BFD15}', '{46861145-454F-F4AD-D70E-98A40E3BD491}', 'defaul position', '{49F2DEB6-179E-EB42-2FB3-5C47C6E53963}');
INSERT INTO `tracking_tracking` VALUES ('198', '192.168.1.17', '2013-11-10 09:28:59', null, 'Mozilla/5.0 (Windows NT 6.1) AppleWebKit/537.36 (KHTML, like Gecko) Chrome/31.0.1650.63 Safari/537.36', '{672BAF53-5476-87F9-8631-95B9F3052BCB}', '{55835B31-6E59-2F75-5163-1B46A8901D2C}', '{52D5494C-23FB-C5D3-F338-2C1C8B6B8C1C}', 'bottom', '{49F2DEB6-179E-EB42-2FB3-5C47C6E53963}');
INSERT INTO `tracking_tracking` VALUES ('199', '192.168.1.17', '2013-11-10 09:31:04', null, 'Mozilla/5.0 (Windows NT 6.1) AppleWebKit/537.36 (KHTML, like Gecko) Chrome/31.0.1650.63 Safari/537.36', '{672BAF53-5476-87F9-8631-95B9F3052BCB}', '{7C07630B-CBD3-EFD2-6E32-E35F7536C2C2}', '{46861145-454F-F4AD-D70E-98A40E3BD491}', 'defaul position', '{49F2DEB6-179E-EB42-2FB3-5C47C6E53963}');
INSERT INTO `tracking_tracking` VALUES ('200', '192.168.1.17', '2013-11-10 09:43:04', null, 'Mozilla/5.0 (Windows NT 6.1; rv:25.0) Gecko/20100101 Firefox/25.0', '{8C82AE78-BFF0-3E59-3570-C75C1E13E23A}', '{F3B7F1DF-3C47-3D3C-C51A-A44EA6C419F1}', '{F615C546-D42D-94DF-B462-1D84BE9E8A0C}', 'left', '{D6C52AEB-E96D-77A4-1FE8-A27DC0818DB3}');
INSERT INTO `tracking_tracking` VALUES ('201', '192.168.1.17', '2013-11-10 09:46:32', null, 'Mozilla/5.0 (Windows NT 6.1; rv:25.0) Gecko/20100101 Firefox/25.0', '{8C82AE78-BFF0-3E59-3570-C75C1E13E23A}', '{F3B7F1DF-3C47-3D3C-C51A-A44EA6C419F1}', '{F615C546-D42D-94DF-B462-1D84BE9E8A0C}', 'left', '{D6C52AEB-E96D-77A4-1FE8-A27DC0818DB3}');

-- ----------------------------
-- Table structure for `tracking_url`
-- ----------------------------
DROP TABLE IF EXISTS `tracking_url`;
CREATE TABLE `tracking_url` (
  `id` varchar(200) NOT NULL,
  `domain_id` int(11) NOT NULL,
  `name` varchar(100) NOT NULL,
  `url` varchar(200) NOT NULL,
  PRIMARY KEY (`id`)
) ENGINE=InnoDB DEFAULT CHARSET=utf8;

-- ----------------------------
-- Records of tracking_url
-- ----------------------------
INSERT INTO `tracking_url` VALUES ('{0442A05C-8AE4-C3E6-8133-7D3C55CD4026}', '1', 'test name url refer', 'http://192.168.1.20/ventissimo/');
INSERT INTO `tracking_url` VALUES ('{0763DDA4-F262-5ED3-B11A-D2C2920BFD15}', '1', 'test name url', 'http://192.168.1.20/ventissimo/index.php/phieuDieuTra/admin');
INSERT INTO `tracking_url` VALUES ('{30BEE455-4B3A-82AA-F57F-0807C443943F}', '1', 'test name url', 'http://192.168.1.20/ventissimo/index.php/phieuDieuTra/admin?position=right');
INSERT INTO `tracking_url` VALUES ('{46861145-454F-F4AD-D70E-98A40E3BD491}', '1', 'test name url refer', 'http://192.168.1.20/webdemo/');
INSERT INTO `tracking_url` VALUES ('{52D5494C-23FB-C5D3-F338-2C1C8B6B8C1C}', '1', 'test name url', 'http://192.168.1.20/ventissimo/index.php/site/login');
INSERT INTO `tracking_url` VALUES ('{55835B31-6E59-2F75-5163-1B46A8901D2C}', '1', 'test name url', 'http://192.168.1.20/ventissimo/index.php/phieuDieuTra/admin?position=bottom');
INSERT INTO `tracking_url` VALUES ('{7C07630B-CBD3-EFD2-6E32-E35F7536C2C2}', '1', 'test name url', 'http://192.168.1.20/ventissimo/index.php/toChucKiemDinh/admin');
INSERT INTO `tracking_url` VALUES ('{F3B7F1DF-3C47-3D3C-C51A-A44EA6C419F1}', '1', 'test name url', 'http://192.168.1.20/ventissimo/index.php/phieuDieuTra/admin?position=left');
INSERT INTO `tracking_url` VALUES ('{F615C546-D42D-94DF-B462-1D84BE9E8A0C}', '1', 'test name url refer', 'http://192.168.1.20/ventissimo/index.php/phieuDieuTra/admin?position=top');

-- ----------------------------
-- Table structure for `tracking_visitor`
-- ----------------------------
DROP TABLE IF EXISTS `tracking_visitor`;
CREATE TABLE `tracking_visitor` (
  `id` int(11) NOT NULL AUTO_INCREMENT,
  `name` varchar(200) NOT NULL,
  `guid` varchar(200) NOT NULL,
  PRIMARY KEY (`id`),
  UNIQUE KEY `guid` (`guid`)
) ENGINE=InnoDB AUTO_INCREMENT=46 DEFAULT CHARSET=utf8;

-- ----------------------------
-- Records of tracking_visitor
-- ----------------------------
INSERT INTO `tracking_visitor` VALUES ('2', 'Visitor', '{A3A11FC4-75E0-51A9-0AE8-230B66B2AC9F}');
INSERT INTO `tracking_visitor` VALUES ('3', 'visitor abcd', '{8C82AE78-BFF0-3E59-3570-C75C1E13E23A}');
INSERT INTO `tracking_visitor` VALUES ('4', 'Visitor', '{672BAF53-5476-87F9-8631-95B9F3052BCB}');
INSERT INTO `tracking_visitor` VALUES ('5', 'Visitor', '{21F7086F-8A0D-4F0F-96F7-4EF7B63876AE}');
INSERT INTO `tracking_visitor` VALUES ('6', 'Visitor', '{73CDA6ED-B60D-6A0B-F701-2F1111845922}');
INSERT INTO `tracking_visitor` VALUES ('7', 'Visitor', '{629A2E20-1E66-F96B-3D42-5AB04A87630E}');
INSERT INTO `tracking_visitor` VALUES ('8', 'Visitor', '{5C73887A-B71F-A03A-33B4-7D23997C033D}');
INSERT INTO `tracking_visitor` VALUES ('9', 'Visitor', '{D5581CDC-B366-A535-9AF5-0DF0A0C70B3D}');
INSERT INTO `tracking_visitor` VALUES ('10', 'Visitor', '{7328D6FD-C0CC-8FA8-2D15-65B7067B6EA7}');
INSERT INTO `tracking_visitor` VALUES ('11', 'Visitor', '{7C8D8E71-93B1-D477-6D67-FFC94F1F29E1}');
INSERT INTO `tracking_visitor` VALUES ('12', 'Visitor', '{5F8873E2-75A9-91B2-0EB8-A4AACE530986}');
INSERT INTO `tracking_visitor` VALUES ('13', 'Visitor', '{C743F2AE-6C7C-2B47-46AF-896CD567AD23}');
INSERT INTO `tracking_visitor` VALUES ('14', 'Visitor', '{AFB63667-E57B-FE62-E976-B49A0453C445}');
INSERT INTO `tracking_visitor` VALUES ('15', 'Visitor', '{58E7558F-32FA-1D74-4E55-D3FEC0E1E75E}');
INSERT INTO `tracking_visitor` VALUES ('16', 'Visitor', '{957126CA-C85E-4A1C-4414-8388460E9C5B}');
INSERT INTO `tracking_visitor` VALUES ('17', 'Visitor', '{92D948C2-CFAC-B14F-87FD-127B13FA842A}');
INSERT INTO `tracking_visitor` VALUES ('18', 'Visitor', '{0004862A-D14B-074B-C62A-B3ABC4AE7E63}');
INSERT INTO `tracking_visitor` VALUES ('19', 'Visitor', '{7FFD7AF2-9EEA-15E9-FDC5-7C0BD05061E5}');
INSERT INTO `tracking_visitor` VALUES ('20', 'Visitor', '{A9FC2BBD-415F-69FB-FE0A-FD13814CCEF9}');
INSERT INTO `tracking_visitor` VALUES ('21', 'Visitor', '{6C90EAAB-680C-581B-0C9D-363664D493CF}');
INSERT INTO `tracking_visitor` VALUES ('22', 'Visitor', '{257F6D63-1140-3A2C-0220-80786A215D4D}');
INSERT INTO `tracking_visitor` VALUES ('23', 'Visitor', '{F0FF2390-487C-5CFE-5776-15D13CAFEB40}');
INSERT INTO `tracking_visitor` VALUES ('24', 'Visitor', '{A7FA8328-64A3-4764-6B10-D4C5AE640233}');
INSERT INTO `tracking_visitor` VALUES ('25', 'Visitor', '{E452074C-9FEA-7E76-C45C-59A20065543D}');
INSERT INTO `tracking_visitor` VALUES ('26', 'Visitor', '{63368844-07D6-7A6A-F783-04FEEB78E871}');
INSERT INTO `tracking_visitor` VALUES ('27', 'Visitor', '{263792E4-58DE-1B56-243A-088546F52F8F}');
INSERT INTO `tracking_visitor` VALUES ('28', 'Visitor', '{CF805B57-8D20-2AC7-1FD9-0190837CCA22}');
INSERT INTO `tracking_visitor` VALUES ('29', 'Visitor', '{29F9796C-A694-9448-3FF9-4AE0D6692255}');
INSERT INTO `tracking_visitor` VALUES ('30', 'Visitor', '{6DFA1744-979B-CA2C-1447-E60B89920D0A}');
INSERT INTO `tracking_visitor` VALUES ('31', 'Visitor', '{9CBA242D-F91A-5E31-DD06-0F513BE930FB}');
INSERT INTO `tracking_visitor` VALUES ('32', 'Visitor', '{5DC0208E-363F-EA8F-085D-0076D3F9F95A}');
INSERT INTO `tracking_visitor` VALUES ('33', 'Visitor', '{6B0B0CE2-F299-A052-5685-D5619F3D3F3D}');
INSERT INTO `tracking_visitor` VALUES ('34', 'Visitor', '{59ABCC95-1FDD-B9AE-570B-919520D17971}');
INSERT INTO `tracking_visitor` VALUES ('35', 'Visitor', '{7A630A60-C151-622D-6EAF-536B2A0FE3A9}');
INSERT INTO `tracking_visitor` VALUES ('36', 'Visitor', '{FCE0A91E-CFAD-2D6A-C8E2-B88FB6B1C4F4}');
INSERT INTO `tracking_visitor` VALUES ('37', 'Visitor', '{3C51E5DF-4F71-EC09-9804-10B18C6245C3}');
INSERT INTO `tracking_visitor` VALUES ('38', 'Visitor', '{2CA064A5-32D8-3071-C408-85C8BEE92EB4}');
INSERT INTO `tracking_visitor` VALUES ('39', 'Visitor', '{F85EF2FC-6672-DC5A-8D1A-8587ABAFFA0A}');
INSERT INTO `tracking_visitor` VALUES ('40', 'Visitor', '{B2C98DAB-ED03-0B35-C75E-695DD248DBEC}');
INSERT INTO `tracking_visitor` VALUES ('41', 'Visitor', '{61F55151-298D-7437-2A47-CD049DDAEDBE}');
INSERT INTO `tracking_visitor` VALUES ('42', 'Visitor', '{2B91F6BE-8BE4-35FC-977C-77F56E6BE24D}');
INSERT INTO `tracking_visitor` VALUES ('43', 'Visitor', '{4611A8A3-3624-90AE-6C26-E985D5B69487}');
INSERT INTO `tracking_visitor` VALUES ('44', 'Visitor', '{3D18EA89-749C-8337-039B-697A69BD6260}');
INSERT INTO `tracking_visitor` VALUES ('45', 'Visitor', '{8A9F49DD-7AE3-3C41-FB34-69619D963F00}');

-- ----------------------------
-- Table structure for `user`
-- ----------------------------
DROP TABLE IF EXISTS `user`;
CREATE TABLE `user` (
  `userid` bigint(20) NOT NULL AUTO_INCREMENT,
  `emergency_code` varchar(50) DEFAULT '00000000',
  `user_name` varchar(50) NOT NULL DEFAULT '',
  `email` varchar(200) NOT NULL DEFAULT '',
  `pass` varchar(50) DEFAULT NULL,
  `firstname` varchar(200) DEFAULT NULL,
  `lastname` varchar(200) DEFAULT NULL,
  `birthday` int(255) DEFAULT NULL,
  `sex` smallint(1) DEFAULT NULL,
  `reg_date` int(255) DEFAULT NULL,
  `lang` varchar(10) DEFAULT 'vn',
  `avatar` varchar(255) DEFAULT NULL,
  `health_type` varchar(50) DEFAULT NULL,
  `conclusions` text,
  `advice` text,
  `unit` tinyint(1) DEFAULT '1',
  `update` int(255) DEFAULT NULL,
  `info` varchar(255) DEFAULT NULL,
  `blood_type` int(11) DEFAULT NULL,
  `blood_group` int(1) DEFAULT NULL,
  `share_service` varchar(20) NOT NULL DEFAULT 'friend',
  `share_profile` varchar(20) NOT NULL DEFAULT 'friend',
  `type` int(1) DEFAULT NULL,
  `role_id` int(11) DEFAULT '0',
  `active` tinyint(1) NOT NULL DEFAULT '1',
  `is_reg_medlatec` int(11) NOT NULL DEFAULT '0',
  `last_login` int(20) NOT NULL DEFAULT '0',
  `update_info` int(11) DEFAULT NULL COMMENT '1 cập nhật bước 1 ; 2 là cập nhật bước 2 , 3 là cập nhật bước,4 là đã cập nhật đủ 3 bước  ',
  PRIMARY KEY (`userid`),
  UNIQUE KEY `user_name` (`user_name`)
) ENGINE=InnoDB AUTO_INCREMENT=108 DEFAULT CHARSET=utf8;

-- ----------------------------
-- Records of user
-- ----------------------------
INSERT INTO `user` VALUES ('1', 'f24fae', 'anhvucnt', 'anhvucnt@yahoo.com', 'e10adc3949ba59abbe56e057f20f883e', 'Vũ', 'Anh', '564080400', '2', '1367052041', 'vn', null, null, null, null, '1', null, null, null, null, 'friend', 'friend', null, '1', '1', '0', '0', null);
INSERT INTO `user` VALUES ('2', '5300e8', 'anh_daohp', 'anh_daohp@yahoo.com', 'e10adc3949ba59abbe56e057f20f883e', 'Đào', 'Anh', '468176400', '1', '1365210950', 'vn', null, null, null, null, '1', null, null, null, null, 'friend', 'friend', null, '2', '1', '0', '1365233191', null);
INSERT INTO `user` VALUES ('3', 'c2fba2', '24101979', 'loanlm.yb@gmail.com', 'e10adc3949ba59abbe56e057f20f883e', 'Lương', 'Mai Loan ', '309546000', '1', '1367290810', 'vn', null, null, null, null, '1', null, null, null, null, 'friend', 'friend', null, '0', '0', '0', '0', null);
INSERT INTO `user` VALUES ('4', '2353c7', '50dolars', 'quangkhoat.khoadaotao@gmail.com', 'e10adc3949ba59abbe56e057f20f883e', 'hung', ' ', '0', '2', '1369119221', 'vn', null, null, null, null, '1', null, null, null, null, 'friend', 'friend', null, '0', '1', '0', '1369391939', null);
INSERT INTO `user` VALUES ('5', '00000000', '900', '900@g.com', 'e10adc3949ba59abbe56e057f20f883e', 'trung', 'pham', '915037200', '1', '2013', 'vn', null, null, null, null, '1', null, null, null, null, 'friend', 'friend', null, '0', '1', '0', '0', null);
INSERT INTO `user` VALUES ('6', '00000000', '901', '901@g.com', 'e10adc3949ba59abbe56e057f20f883e', 'ff', 'ff', '915037200', '1', '2013', 'vn', null, null, null, null, '1', null, null, null, null, 'friend', 'friend', null, '0', '1', '0', '0', null);
INSERT INTO `user` VALUES ('8', '77e5f5', 'abcde', 'ssssss@gggggggg.com', 'e10adc3949ba59abbe56e057f20f883e', 'cccccccccccccc', '', '893264400', '1', '1366689195', 'vn', null, null, null, null, '1', null, null, null, null, 'friend', 'friend', null, '0', '1', '0', '0', null);
INSERT INTO `user` VALUES ('9', '00000000', 'abcdxyz', 'Thanhbv@pingcom.vn', 'e10adc3949ba59abbe56e057f20f883e', 'Thanh', 'Bv', '631040400', '0', '2013', 'vn', null, null, null, null, '1', null, null, null, null, 'friend', 'friend', null, '0', '1', '0', '1364872899', null);
INSERT INTO `user` VALUES ('10', '7849a2', 'akaruz', 'nghthien85@gmail.com', 'e10adc3949ba59abbe56e057f20f883e', 'akaruz', ' ', '497034000', '2', '1370184839', 'vn', null, null, null, null, '1', null, null, null, null, 'friend', 'friend', null, '0', '1', '0', '1370186073', null);
INSERT INTO `user` VALUES ('11', '105af2', 'akimi32', 'akimi32@yahoo.com', 'e10adc3949ba59abbe56e057f20f883e', 'Vo', 'Thu Thuy ', '318358800', '1', '1369397782', 'vn', null, null, null, null, '1', null, null, null, null, 'friend', 'friend', null, '0', '1', '0', '0', null);
INSERT INTO `user` VALUES ('12', 'd49e4d', 'aladintq', 'aladintq@gmail.com', 'e10adc3949ba59abbe56e057f20f883e', 'Hue', '', '383245200', '1', '1365252504', 'vn', null, null, null, null, '1', null, null, null, null, 'friend', 'friend', null, '0', '1', '0', '1367834488', null);
INSERT INTO `user` VALUES ('13', '3da7bc', 'Alexism', 't.t.nguyen2402@gmail.com', 'e10adc3949ba59abbe56e057f20f883e', 'Nguyễn', 'Thành Trung  ', '0', '2', '1368291374', 'vn', null, null, null, null, '1', null, null, null, null, 'friend', 'friend', null, '0', '1', '0', '1368292540', null);
INSERT INTO `user` VALUES ('14', '137062', 'alibatu', 'trangnguyen_2011@yahoo.com.vn', 'e10adc3949ba59abbe56e057f20f883e', 'Nguyễn', 'Huyền Trang ', '627498000', '1', '1367593233', 'vn', null, '1', null, null, '1', null, null, null, null, 'friend', 'friend', null, '0', '1', '0', '1367600378', null);
INSERT INTO `user` VALUES ('15', 'ad1443', 'alicelae', 'alicelehoa@gmail.com', 'e10adc3949ba59abbe56e057f20f883e', 'lê', 'hoa ', '684090000', '1', '1367504616', 'vn', null, null, null, null, '1', null, null, null, null, 'private', 'private', null, '0', '1', '0', '1369914258', null);
INSERT INTO `user` VALUES ('16', 'faf02c', 'ALien', 'lien_phanpy@yahoo.com.vn', 'e10adc3949ba59abbe56e057f20f883e', 'Phan', 'Ai Lien  ', '313174800', '1', '1369109141', 'vn', null, null, null, null, '1', null, null, null, null, 'private', 'friend', null, '0', '1', '0', '1369113418', null);
INSERT INTO `user` VALUES ('17', '4e44d4', 'amibk45', 'amibk45@yahoo.com', 'e10adc3949ba59abbe56e057f20f883e', 'le', 'minh ', '895338000', '1', '1368776587', 'vn', null, null, null, null, '1', null, null, null, null, 'friend', 'friend', null, '0', '1', '0', '0', null);
INSERT INTO `user` VALUES ('18', '5b5efb', 'AnChuc', 'tlvp2003@yahoo.com', 'e10adc3949ba59abbe56e057f20f883e', 'Nguyễn', 'Thị Bích Thủy ', '469731600', '1', '1367645813', 'vn', null, null, null, null, '1', null, null, null, null, 'friend', 'friend', null, '0', '1', '0', '1367647092', null);
INSERT INTO `user` VALUES ('19', '3dZhsS', 'andwish', 'andwish@wish', 'e10adc3949ba59abbe56e057f20f883e', 'aw', 'wa', null, '0', '2013', 'vn', null, null, null, null, '1', null, null, null, null, 'friend', 'friend', null, '0', '1', '0', '0', null);
INSERT INTO `user` VALUES ('20', 'Pe1cuY', 'andwishq', 'andwishq@wish', 'e10adc3949ba59abbe56e057f20f883e', 'qw', 'wq', null, '0', '2013', 'vn', null, null, null, null, '1', null, null, null, null, 'friend', 'friend', null, '0', '1', '0', '0', null);
INSERT INTO `user` VALUES ('21', '0b5fac', 'anh.nguyentrang@gmail.com', 'anh.nguyentrang@gmail.com', 'e10adc3949ba59abbe56e057f20f883e', 'Trang', ' Anh', null, '1', '1368151715', 'vn', null, null, null, null, '1', null, null, null, null, 'friend', 'friend', null, '0', '1', '0', '1368153013', null);
INSERT INTO `user` VALUES ('22', 'tVjJn2', 'anh123', 'hieunguyennguyenhieu@gmail.com', 'e10adc3949ba59abbe56e057f20f883e', 'anh123', null, null, '0', '2013', 'vn', null, null, null, null, '1', null, null, null, null, 'friend', 'friend', null, '0', '1', '0', '0', null);
INSERT INTO `user` VALUES ('23', 'dbdd8c', 'anhbaqn', 'tinhtn@tinhanhsoft.com', 'e10adc3949ba59abbe56e057f20f883e', 'Tran', 'Tinh ', '546022800', '2', '1366618796', 'vn', null, null, null, null, '1', null, null, null, null, 'friend', 'friend', null, '0', '1', '0', '1366619806', null);
INSERT INTO `user` VALUES ('24', 'pXXPlZ', 'anhbaros', 'minhtanqn@gmail.com', 'e10adc3949ba59abbe56e057f20f883e', 'nguyễn', 'trân', '1359565200', '0', '2013', 'vn', null, null, null, null, '1', null, null, null, null, 'friend', 'friend', null, '0', '1', '0', '1369328331', null);
INSERT INTO `user` VALUES ('25', '9af829', 'anhdao', 'dao1909@yahoo.com.vn', 'e10adc3949ba59abbe56e057f20f883e', 'nguyen', ' ', '296845200', '1', '1367390167', 'vn', null, null, null, null, '1', null, null, null, null, 'friend', 'friend', null, '0', '1', '0', '0', null);
INSERT INTO `user` VALUES ('26', '2d48fe', 'anhduc0511', 'hn.vuvu@gmail.com', 'e10adc3949ba59abbe56e057f20f883e', 'Anh', 'Đức ', '405277200', '2', '1366031540', 'vn', null, null, null, null, '1', null, null, null, null, 'friend', 'friend', null, '0', '1', '0', '1366032931', null);
INSERT INTO `user` VALUES ('27', '09717e', 'AnhHong', 'anhhongnamdinh@gmail.com', 'e10adc3949ba59abbe56e057f20f883e', 'Ánh', 'Hồng ', '483901200', '1', '1369803970', 'vn', null, null, null, null, '1', null, null, null, null, 'friend', 'friend', null, '0', '1', '0', '0', null);
INSERT INTO `user` VALUES ('28', '253f0f', 'Anhhuy', 'huyenpt_80@yahoo.com.vn', 'e10adc3949ba59abbe56e057f20f883e', 'Nguyễn', 'Minh Anh ', '316285200', '1', '1366017398', 'vn', null, null, null, null, '1', null, null, null, null, 'friend', 'friend', null, '0', '1', '0', '0', null);
INSERT INTO `user` VALUES ('29', '4e604e', 'Anhnguyet2383', 'Beolovely2383@yahoo.com.vn', 'e10adc3949ba59abbe56e057f20f883e', 'Nguyen', 'anh nguyet ', '430419600', '1', '1367048229', 'vn', null, null, null, null, '1', null, null, null, null, 'friend', 'friend', null, '0', '1', '0', '0', null);
INSERT INTO `user` VALUES ('30', '94cf71', 'anhphuong', 'nguoiviet1991@gmail.com', 'e10adc3949ba59abbe56e057f20f883e', 'anhphuong', '', '328381200', '1', '1369822189', 'vn', null, null, null, null, '1', null, null, null, null, 'friend', 'friend', null, '0', '1', '0', '0', null);
INSERT INTO `user` VALUES ('31', 'be65fc', 'anhtrang', 'phamthihuyentrang.tttvk3@gmail.com', 'e10adc3949ba59abbe56e057f20f883e', 'Huyền', 'Trang ', '634842000', '1', '1365431406', 'vn', null, '1', null, null, '1', null, null, null, null, 'friend', 'friend', null, '0', '1', '0', '1369579510', null);
INSERT INTO `user` VALUES ('32', 'QX0wz8', 'anhtuan0918616779', 'anhtuan0918616779@gmail.com', 'e10adc3949ba59abbe56e057f20f883e', 'Nguyen', 'Anh Tuan', null, '1', '2013', 'vn', null, null, null, null, '1', null, null, null, null, 'friend', 'friend', null, '0', '1', '0', '1370182508', null);
INSERT INTO `user` VALUES ('33', 'b10cb7', 'anhtuan280271', 'anhtuan280271@facebook.com', 'e10adc3949ba59abbe56e057f20f883e', 'Nguyễn', 'anh Tuấn ', '894214800', '2', '1367639381', 'vn', null, null, null, null, '1', null, null, null, null, 'friend', 'friend', null, '0', '1', '0', '0', null);
INSERT INTO `user` VALUES ('34', '00000000', 'anhtuan_0311@yahoo.com', 'anhtuan_0311@yahoo.com', 'e10adc3949ba59abbe56e057f20f883e', 'Tuan', 'Anh', '0', '2', '1367721450', 'vn', null, null, null, null, '1', null, null, null, null, 'friend', 'friend', null, '0', '1', '0', '1367722747', null);
INSERT INTO `user` VALUES ('35', 'b066cb', 'anhvucnt22', 'anhvucnt22@yahoo.com', 'e10adc3949ba59abbe56e057f20f883e', 'hán', 'anh vũ ', '895251600', '2', '1368690426', 'vn', null, null, null, null, '1', null, null, null, null, 'friend', 'friend', null, '0', '1', '0', '0', null);
INSERT INTO `user` VALUES ('36', 'e48175', 'anhvucnt3', 'anhvucnt3@yahoo.com', 'e10adc3949ba59abbe56e057f20f883e', 'hán', 'anh vũ ', '702061200', '2', '1364785392', 'vn', null, null, null, null, '1', null, null, null, null, 'friend', 'friend', null, '0', '1', '0', '0', null);
INSERT INTO `user` VALUES ('37', '00000000', 'anhvucnt8', 'anhvucnt8@yahoo.com', 'e10adc3949ba59abbe56e057f20f883e', 'anhvucnt8', '', '891363600', '1', '1364786414', 'vn', null, null, null, null, '1', null, null, null, null, 'friend', 'friend', null, '0', '1', '0', '1368766618', null);
INSERT INTO `user` VALUES ('38', 'ed9678', 'AnnaNguyen', 'nguyenthiendung@gmail.com', 'e10adc3949ba59abbe56e057f20f883e', 'nguyễn', 'thị quỳnh trang ', '587581200', '1', '1366957575', 'vn', null, null, null, null, '1', null, null, null, null, 'friend', 'friend', null, '0', '1', '0', '1366958601', null);
INSERT INTO `user` VALUES ('39', 'd2ebaa', 'antonio', 'bibomart.fa@gmail.com', 'e10adc3949ba59abbe56e057f20f883e', 'Nguyễn', 'Hữu Dũng ', '637779600', '2', '1366364348', 'vn', null, null, null, null, '1', null, null, null, null, 'friend', 'friend', null, '0', '1', '0', '0', null);
INSERT INTO `user` VALUES ('40', 'fa50b5', 'Aptrung', 'pentalogvietnam@gmail.com', 'e10adc3949ba59abbe56e057f20f883e', 'Nguyen', 'Quoc Tuan  ', '0', '2', '1368514775', 'vn', null, null, null, null, '1', null, null, null, null, 'friend', 'friend', null, '0', '1', '0', '1369874432', null);
INSERT INTO `user` VALUES ('41', '829931', 'armando', 'armando.nguyen.yj@gmail.com', 'e10adc3949ba59abbe56e057f20f883e', 'Armando', 'Nguyen  ', '357498000', '2', '1369886072', 'vn', null, '3', null, null, '1', null, null, null, null, 'friend', 'friend', null, '0', '1', '0', '1369887512', null);
INSERT INTO `user` VALUES ('42', '00000000', 'asuka_a6@yahoo.com', 'asuka_a6@yahoo.com', 'e10adc3949ba59abbe56e057f20f883e', 'Nguyen', 'Thai Ha An ', '612637200', '1', '1367564018', 'vn', null, null, null, null, '1', null, null, null, null, 'friend', 'friend', null, '0', '1', '0', '0', null);
INSERT INTO `user` VALUES ('43', 'ARtYjE', 'Aucm', 'Chuotdongcamau@gmail.com', 'e10adc3949ba59abbe56e057f20f883e', '%C3%82u', 'Tr%E1%BA%A7n', '347130000', '2', '2013', 'vn', null, null, null, null, '1', null, null, null, null, 'friend', 'friend', null, '0', '1', '0', '0', null);
INSERT INTO `user` VALUES ('44', 'x49mGm', 'awish', 'awish@awish', 'e10adc3949ba59abbe56e057f20f883e', 'awish', 'awish', null, '0', '2013', 'vn', null, null, null, null, '1', null, null, null, null, 'friend', 'friend', null, '0', '1', '0', '0', null);
INSERT INTO `user` VALUES ('45', 'd7c9d9', 'baby88', 'formylove_111@yahoo.com', 'e10adc3949ba59abbe56e057f20f883e', 'Vũ', 'Thị Thu Hiền ', '588099600', '1', '1366616554', 'vn', null, null, null, null, '1', null, null, null, null, 'friend', 'friend', null, '0', '1', '0', '0', null);
INSERT INTO `user` VALUES ('46', '2adbe6', 'Babyhien', 'girlhanquoc_moihongtocdo@yahoo.com', 'e10adc3949ba59abbe56e057f20f883e', 'Vũ', 'Thị Thu Hiền ', '588099600', '1', '1366250751', 'vn', null, null, null, null, '1', null, null, null, null, 'friend', 'friend', null, '0', '1', '0', '0', null);
INSERT INTO `user` VALUES ('47', '59c184', 'Babywash', 'contact@babywash.vn', 'e10adc3949ba59abbe56e057f20f883e', 'Babywash', ' ', '465930000', '1', '1369978705', 'vn', null, null, null, null, '1', null, null, null, null, 'friend', 'friend', null, '0', '1', '0', '1370310128', null);
INSERT INTO `user` VALUES ('48', '63d6f7', 'bachhopme', 'arcthuykt@gmail.com', 'e10adc3949ba59abbe56e057f20f883e', 'nguyễn', 'bách hợp  ', '0', '1', '1368631778', 'vn', null, null, null, null, '1', null, null, null, null, 'friend', 'friend', null, '0', '1', '0', '1369061189', null);
INSERT INTO `user` VALUES ('49', 'Ede4AK', 'bancu441', 'bancu441@yahoo.com', 'e10adc3949ba59abbe56e057f20f883e', 'hồ', 'luân', '1264006800', '1', '2013', 'vn', null, null, null, null, '1', null, null, null, null, 'friend', 'friend', null, '0', '1', '0', '1370265192', null);
INSERT INTO `user` VALUES ('50', 'ad84e7', 'banganhle', 'bichdtn.hipt@yahoo.com.vn', 'e10adc3949ba59abbe56e057f20f883e', 'Lê', 'Anh ', '894733200', '1', '1368151032', 'vn', null, null, null, null, '1', null, null, null, null, 'friend', 'friend', null, '0', '1', '0', '0', null);
INSERT INTO `user` VALUES ('51', 'PIv2ol', 'banglydai', 'son.hoduc1978@gmail.com', 'e10adc3949ba59abbe56e057f20f883e', 'Hồ Đức', 'Sơn', '261853200', '1', '2013', 'vn', null, null, null, null, '1', null, null, null, null, 'friend', 'friend', null, '0', '1', '0', '1370184608', null);
INSERT INTO `user` VALUES ('52', '24836b', 'BaoBao12', 'pink_lady1212@yahoo.com', 'e10adc3949ba59abbe56e057f20f883e', 'Baobao12', ' ', '0', '2', '1369123651', 'vn', null, null, null, null, '1', null, null, null, null, 'friend', 'friend', null, '0', '1', '0', '0', null);
INSERT INTO `user` VALUES ('53', '8e4e42', 'baochi', 'thanhhuyen.doan88@gmail.com', 'e10adc3949ba59abbe56e057f20f883e', 'Doan', 'Thanh Huyen ', '588790800', '1', '1365492170', 'vn', null, null, null, null, '1', null, null, null, null, 'friend', 'friend', null, '0', '1', '0', '1365493616', null);
INSERT INTO `user` VALUES ('54', '02c52e', 'baochien2013', 'baochjen2003@yahoo.com.vn', 'e10adc3949ba59abbe56e057f20f883e', 'nguyen', 'chien ', '520621200', '2', '1370248944', 'vn', null, null, null, null, '1', null, null, null, null, 'friend', 'friend', null, '0', '1', '0', '0', null);
INSERT INTO `user` VALUES ('55', '4f2caf', 'baohiem24h', 'anhvq@ginet-vn.com', 'e10adc3949ba59abbe56e057f20f883e', 'Tư', 'vấn Baohiem24h ', '579200400', '1', '1366007841', 'vn', 'crop_avatar_MzNEBKNvXV.png', null, null, null, '1', null, null, null, null, 'private', 'friend', null, '0', '1', '0', '0', null);
INSERT INTO `user` VALUES ('56', '1c3c09', 'BaoLinh', 'hngan137@gmail.com', 'e10adc3949ba59abbe56e057f20f883e', 'Nguyễn', 'Thị Hà Ngân  ', '497206800', '1', '1370311987', 'vn', null, null, null, null, '1', null, null, null, null, 'friend', 'friend', null, '0', '1', '0', '0', null);
INSERT INTO `user` VALUES ('57', '9aad45', 'Baonhitrongnghia', 'to_nga3042006@yahoo.com', 'e10adc3949ba59abbe56e057f20f883e', 'Đinh', 'Thị Tố Nga ', '622054800', '1', '1368833935', 'vn', null, null, null, null, '1', null, null, null, null, 'friend', 'friend', null, '0', '1', '0', '0', null);
INSERT INTO `user` VALUES ('58', '5cb485', 'bayby', 'thuylan.hana@gmail.com', 'e10adc3949ba59abbe56e057f20f883e', 'Thương', '', '435258000', '1', '1367648833', 'vn', null, null, null, null, '1', null, null, null, null, 'friend', 'friend', null, '0', '1', '0', '1367650113', null);
INSERT INTO `user` VALUES ('59', 'c58a2a', 'BeBong', 'ngocthoi.bn@gmail.com', 'e10adc3949ba59abbe56e057f20f883e', 'Ngoc', 'Thoi ', '907866000', '1', '1369655732', 'vn', null, null, null, null, '1', null, null, null, null, 'friend', 'friend', null, '0', '1', '0', '0', null);
INSERT INTO `user` VALUES ('60', 'CcmX5X', 'Bebong267', 'Hoacat_tuyettrongtim999@yahoo.com', 'e10adc3949ba59abbe56e057f20f883e', 'Ha', 'Trinh%20thi', '680461200', '2', '2013', 'vn', null, null, null, null, '1', null, null, null, null, 'friend', 'friend', null, '0', '1', '0', '1367657283', null);
INSERT INTO `user` VALUES ('61', 'lKWxDD', 'bedapregtest', 'bedapregtest@test.test', 'e10adc3949ba59abbe56e057f20f883e', 'bedapregtest', 'bedapregtest', null, '1', '2013', 'vn', null, null, null, null, '1', null, null, null, null, 'friend', 'friend', null, '0', '1', '0', '0', null);
INSERT INTO `user` VALUES ('62', 'zNXvAL', 'bedapregtesta', 'bedapregtesta@test.test', 'e10adc3949ba59abbe56e057f20f883e', 'bedapregtesta', 'bedapregtesta', null, '1', '2013', 'vn', null, null, null, null, '1', null, null, null, null, 'friend', 'friend', null, '0', '1', '0', '0', null);
INSERT INTO `user` VALUES ('63', 'stdp7O', 'bedapregtestb', 'bedapregtestb@test.test', 'e10adc3949ba59abbe56e057f20f883e', 'bedapregtestb', 'bedapregtestb', null, '1', '2013', 'vn', null, null, null, null, '1', null, null, null, null, 'friend', 'friend', null, '0', '1', '0', '0', null);
INSERT INTO `user` VALUES ('64', 'dbc8ab', 'begon', 'thuytrangkitty@yahoo.com', 'e10adc3949ba59abbe56e057f20f883e', 'Cao', 'Thị Thùy Trang ', '403808400', '1', '1370225722', 'vn', null, null, null, null, '1', null, null, null, null, 'friend', 'friend', null, '0', '1', '0', '0', null);
INSERT INTO `user` VALUES ('65', 'dC1Key', 'bekhoi', 'vankhoi.bg@gmail.com', 'e10adc3949ba59abbe56e057f20f883e', 'bekhoi', null, '725907600', '2', '2013', 'vn', null, null, null, null, '1', null, null, null, null, 'friend', 'friend', null, '0', '1', '0', '0', null);
INSERT INTO `user` VALUES ('66', '2d4ca1', 'bekieurom', 'girlfriendkieu@yahoo.com', 'e10adc3949ba59abbe56e057f20f883e', 'VÕ', 'THỊ BÍCH KIỀU  ', '0', '1', '1368579345', 'vn', null, null, null, null, '1', null, null, null, null, 'friend', 'friend', null, '0', '1', '0', '1368581160', null);
INSERT INTO `user` VALUES ('67', '9a3c5d', 'bemacdep', 'hoaimaithu@yahoo.com', 'e10adc3949ba59abbe56e057f20f883e', 'Mai', 'Thu Hoai ', '455043600', '1', '1370244726', 'vn', null, null, null, null, '1', null, null, null, null, 'friend', 'friend', null, '0', '1', '0', '0', null);
INSERT INTO `user` VALUES ('68', '658785', 'benhvienvietphap', 'hai.nguyenduc@hfh.com.vn', 'e10adc3949ba59abbe56e057f20f883e', 'Bệnh', 'viện Việt Pháp Hà Nội  ', '327690000', '2', '1369124560', 'vn', null, null, null, null, '1', null, null, null, null, 'friend', 'friend', null, '0', '1', '0', '0', null);
INSERT INTO `user` VALUES ('69', '35a1e4', 'bethaiuyen', 'BE_HO1986@YAHOO.COM', 'e10adc3949ba59abbe56e057f20f883e', 'Hồ', 'Thị Bé ', '513018000', '1', '1366102852', 'vn', null, null, null, null, '1', null, null, null, null, 'friend', 'friend', null, '0', '1', '0', '1366103943', null);
INSERT INTO `user` VALUES ('70', '35998e', 'betho', 'hongloan060977@gmail.com', 'e10adc3949ba59abbe56e057f20f883e', 'truong', 'hong loan', '242326800', '1', '1368366714', 'vn', null, null, null, null, '1', null, null, null, null, 'friend', 'friend', null, '0', '1', '0', '1369693401', null);
INSERT INTO `user` VALUES ('71', 'a6bafd', 'bibi1207', 'nangtienmuaxuan_19902010@yahoo.com', 'e10adc3949ba59abbe56e057f20f883e', 'lan', 'huong ', '651430800', '1', '1369798097', 'vn', null, null, null, null, '1', null, null, null, null, 'friend', 'friend', null, '0', '0', '0', '0', null);
INSERT INTO `user` VALUES ('72', 'EhZMYc', 'bichdiem', 'cuodnd@yahoo.com', 'e10adc3949ba59abbe56e057f20f883e', 'Tran', 'diem', '454006800', '0', '2013', 'vn', null, null, null, null, '1', null, null, null, null, 'friend', 'friend', null, '0', '1', '0', '0', null);
INSERT INTO `user` VALUES ('73', '1945de', 'bichdtn111', 'ichdtn.pht@gmail.com', 'e10adc3949ba59abbe56e057f20f883e', 'ngoc', '', '891968400', '1', '1365387063', 'vn', null, null, null, null, '1', null, null, null, null, 'friend', 'friend', null, '0', '1', '0', '0', null);
INSERT INTO `user` VALUES ('74', 'b7ca56', 'bichdtn123', 'ngocbich112334.nb@gmail.com', 'e10adc3949ba59abbe56e057f20f883e', 'Ngọc', '', '892832400', '1', '1366250997', 'vn', null, null, null, null, '1', null, null, null, null, 'friend', 'friend', null, '0', '1', '0', '0', null);
INSERT INTO `user` VALUES ('75', 'XFuDEC', 'bichdtn510', 'bichdtn510@gmail.com', 'e10adc3949ba59abbe56e057f20f883e', 'Ngoc', 'Bich', null, '1', '2013', 'vn', null, null, null, null, '1', null, null, null, null, 'friend', 'friend', null, '0', '1', '0', '0', null);
INSERT INTO `user` VALUES ('76', '69da30', 'bichdtn6668', 'bichdtn6668@ymail.com', 'e10adc3949ba59abbe56e057f20f883e', 'Ngọc', 'Bích   ', '891622800', '1', '1365061604', 'vn', null, null, null, null, '1', null, null, null, null, 'friend', 'friend', null, '0', '1', '0', '0', null);
INSERT INTO `user` VALUES ('77', '1989bd', 'bichdtnhipt', 'bich-dtn@hipt.com.vn', 'e10adc3949ba59abbe56e057f20f883e', 'Bich', 'Ngọc      ', '599590800', '2', '1368173062', 'vn', null, null, null, null, '1', null, null, null, null, 'friend', 'friend', null, '0', '1', '0', '0', null);
INSERT INTO `user` VALUES ('78', '992042', 'bichhipt', 'bichhipt@yahoo.com.vn', 'e10adc3949ba59abbe56e057f20f883e', 'Bich', '', '894733200', '1', '1368173017', 'vn', null, null, null, null, '1', null, null, null, null, 'friend', 'friend', null, '0', '1', '0', '0', null);
INSERT INTO `user` VALUES ('79', '58ea21', 'bichhipt01', 'ngoc.hipt@yahoo.com', 'e10adc3949ba59abbe56e057f20f883e', 'Ngọc', '', '894992400', '1', '1368417248', 'vn', null, null, null, null, '1', null, null, null, null, 'friend', 'friend', null, '0', '1', '0', '0', null);
INSERT INTO `user` VALUES ('80', 'a51bca', 'bichvy', 'ngoc_vy1979@yahoo.com', 'e10adc3949ba59abbe56e057f20f883e', 'Bích', 'Vy ', '298054800', '1', '1366956734', 'vn', null, null, null, null, '1', null, null, null, null, 'friend', 'friend', null, '0', '1', '0', '1366957840', null);
INSERT INTO `user` VALUES ('81', 'e59fb4', 'biensang141', 'biensang141@yahoo.com', 'e10adc3949ba59abbe56e057f20f883e', 'nguyen', 'thi minh hai  ', '474483600', '1', '1367646176', 'vn', null, null, null, null, '1', null, null, null, null, 'friend', 'friend', null, '0', '1', '0', '1369636003', null);
INSERT INTO `user` VALUES ('82', '9a15e1', 'binhloan', 'binhloan43@gmail.com', 'e10adc3949ba59abbe56e057f20f883e', 'ỨNG', 'THỊ BÌNH LOAN ', '573411600', '1', '1366100400', 'vn', null, null, null, null, '1', null, null, null, null, 'friend', 'friend', null, '0', '1', '0', '0', null);
INSERT INTO `user` VALUES ('83', '847230', 'binhnguyen442013', 'hanlanhdao@gmail.com', 'e10adc3949ba59abbe56e057f20f883e', 'binh', 'nguyen   ', '409165200', '1', '1368493368', 'vn', null, null, null, null, '1', null, null, null, null, 'friend', 'friend', null, '0', '1', '0', '1368501500', null);
INSERT INTO `user` VALUES ('84', '00000000', 'binhvst@yahoo.com', 'binhvst@yahoo.com', 'e10adc3949ba59abbe56e057f20f883e', 'Thới Bình', 'Nguyễn', '0', '2', '1368292514', 'vn', null, null, null, null, '1', null, null, null, null, 'friend', 'friend', null, '0', '1', '0', '0', null);
INSERT INTO `user` VALUES ('85', '3NDij9', 'bkav', 'gshan@gmail.com', 'e10adc3949ba59abbe56e057f20f883e', 'nguyen', 'nguyen', '1178643600', '0', '2013', 'vn', null, null, null, null, '1', null, null, null, null, 'friend', 'friend', null, '0', '1', '0', '0', null);
INSERT INTO `user` VALUES ('86', '6a761a', 'bonamit', 'nmtuan75@yahoo.com', 'e10adc3949ba59abbe56e057f20f883e', 'Nguyen', 'Minh Tuan ', '187117200', '2', '1366218786', 'vn', null, null, null, null, '1', null, null, null, null, 'friend', 'friend', null, '0', '1', '0', '1366220646', null);
INSERT INTO `user` VALUES ('87', '056319', 'bong', 'heokoiluvkay@yahoo.com.vn', 'e10adc3949ba59abbe56e057f20f883e', 'Lê', 'Thị Thương ', '686077200', '1', '1370316489', 'vn', null, null, null, null, '1', null, null, null, null, 'friend', 'friend', null, '0', '1', '0', '0', null);
INSERT INTO `user` VALUES ('88', '8ed4e3', 'Bong3006', 'flower19121981@yahoo.com', 'e10adc3949ba59abbe56e057f20f883e', 'Pham', 'Anh Thu ', '367088400', '1', '1368148692', 'vn', null, null, null, null, '1', null, null, null, null, 'friend', 'friend', null, '0', '1', '0', '0', null);
INSERT INTO `user` VALUES ('89', 'giypuE', 'bongbong112', 'sweetdream_1122002@yahoo.com', 'e10adc3949ba59abbe56e057f20f883e', 'đỗ', 'trang linh', '1370019600', '0', '2013', 'vn', null, null, null, null, '1', null, null, null, null, 'friend', 'friend', null, '0', '1', '0', '1370066827', null);
INSERT INTO `user` VALUES ('90', 'c73e47', 'bongtuyet', 'bongtuyet292@gmail.com', 'e10adc3949ba59abbe56e057f20f883e', 'Dang', 'Thi Hien ', '567709200', '1', '1369821399', 'vn', null, null, null, null, '1', null, null, null, null, 'friend', 'friend', null, '0', '1', '0', '1369823845', null);
INSERT INTO `user` VALUES ('91', '1b8770', 'buimen87', 'buimen87@gmail.com', 'e10adc3949ba59abbe56e057f20f883e', 'Bùi', 'Mến ', '558205200', '1', '1368148862', 'vn', null, null, null, null, '1', null, null, null, null, 'private', 'friend', null, '0', '1', '0', '1368151000', null);
INSERT INTO `user` VALUES ('92', '15b03f', 'buingocletran', 'buingocletran@gmail.com', 'e10adc3949ba59abbe56e057f20f883e', 'bui', 'ngoc tram ', '894819600', '1', '1368265431', 'vn', null, null, null, null, '1', null, null, null, null, 'friend', 'friend', null, '0', '1', '0', '0', null);
INSERT INTO `user` VALUES ('93', 'k2mKUR', 'buithai', 'thai18284@gmail.com', 'e10adc3949ba59abbe56e057f20f883e', 'Bui', 'thai ', '445885200', '1', '2013', 'vn', null, null, null, null, '1', null, null, null, null, 'friend', 'friend', null, '0', '1', '0', '1369439120', null);
INSERT INTO `user` VALUES ('94', 'f49882', 'buxu611', 'black_eagleman@yahoo.co.uk', 'e10adc3949ba59abbe56e057f20f883e', 'Đỗ', 'Chí Thành ', '563130000', '2', '1365527777', 'vn', null, null, null, null, '1', null, null, null, null, 'friend', 'friend', null, '0', '1', '0', '1365829546', null);
INSERT INTO `user` VALUES ('95', 'pdGGmm', 'Cafedang', 'Cafedang3881@gmail.com', 'e10adc3949ba59abbe56e057f20f883e', 'Truc', 'Anh ', '460486800', '1', '2013', 'vn', null, null, null, null, '1', null, null, null, null, 'friend', 'friend', null, '0', '1', '0', '1368197766', null);
INSERT INTO `user` VALUES ('96', 'ab6b6b', 'Cafesua', '', 'e10adc3949ba59abbe56e057f20f883e', 'Phan Thị Bích Ngọc', 'Thị Bích Ngọc ', '560106000', '1', '1368150112', 'vn', null, null, null, null, '1', null, null, null, null, 'friend', 'friend', null, '0', '1', '0', '1368151647', null);
INSERT INTO `user` VALUES ('97', '00000000', 'caligarn@gmail.com', 'caligarn@gmail.com', 'e10adc3949ba59abbe56e057f20f883e', 'Anh-Minh', 'Do', '0', '2', '1366000535', 'vn', null, null, null, null, '1', null, null, null, null, 'friend', 'friend', null, '0', '1', '0', '1366016650', null);
INSERT INTO `user` VALUES ('98', '00000000', 'camnangcuame@gmail.com', 'camnangcuame@gmail.com', 'e10adc3949ba59abbe56e057f20f883e', 'Cẩm Nang Của', 'Mẹ', '0', '1', '1369648591', 'vn', null, null, null, null, '1', null, null, null, null, 'public', 'friend', null, '0', '1', '0', '0', null);
INSERT INTO `user` VALUES ('99', '35a141', 'chauanh', 'chauanh213@gmail.com', 'e10adc3949ba59abbe56e057f20f883e', 'nguyen', 'chau anh ', '448650000', '1', '1366122480', 'vn', null, null, null, null, '1', null, null, null, null, 'friend', 'friend', null, '0', '1', '0', '1366281159', null);
INSERT INTO `user` VALUES ('100', '504bd8', 'chaudnm', 'chaudn01_042001@yahoo.com', 'e10adc3949ba59abbe56e057f20f883e', 'Đỗ', 'Ngọc Minh Châu ', '388947600', '1', '1367571902', 'vn', null, null, null, null, '1', null, null, null, null, 'friend', 'friend', null, '0', '1', '0', '1367573370', null);
INSERT INTO `user` VALUES ('101', '00000000', 'phuca4', 'phuca4@gmail.com', null, null, null, null, null, null, 'vn', null, null, null, null, '1', null, null, null, null, 'friend', 'friend', null, '0', '1', '0', '0', null);
INSERT INTO `user` VALUES ('102', '00000000', 'khanhld', 'abcd@gmail.com', null, null, null, null, null, null, 'vn', null, null, null, null, '1', null, null, null, null, 'friend', 'friend', null, '0', '1', '0', '0', null);
INSERT INTO `user` VALUES ('105', '00000000', 'dfg', 'dsfgdf@gmads.fsd', '202cb962ac59075b964b07152d234b70', 'gdfgsf', 'gdsfgdsf', '2013', null, null, 'vn', null, null, null, null, '1', null, null, null, null, 'friend', 'friend', null, '0', '1', '0', '0', null);
INSERT INTO `user` VALUES ('106', '00000000', 'tungcntt123', 'tungcntt123@gmail.com', 'e10adc3949ba59abbe56e057f20f883e', 'Vua Tùng', 'Hoàng', '2009', null, null, 'vn', null, null, null, null, '1', null, null, null, null, 'friend', 'friend', null, '0', '1', '0', '0', null);
INSERT INTO `user` VALUES ('107', '00000000', 'rtyui123', 'haovu123@gmail.com', '202cb962ac59075b964b07152d234b70', 'Hao', 'vu', '2013', null, null, 'vn', null, null, null, null, '1', null, null, null, null, 'friend', 'friend', null, '0', '1', '0', '0', null);

-- ----------------------------
-- Table structure for `user_roles`
-- ----------------------------
DROP TABLE IF EXISTS `user_roles`;
CREATE TABLE `user_roles` (
  `role_id` smallint(255) NOT NULL AUTO_INCREMENT,
  `role_name` varchar(255) NOT NULL,
  `description` varchar(400) NOT NULL,
  `is_active` tinyint(4) NOT NULL DEFAULT '1',
  PRIMARY KEY (`role_id`)
) ENGINE=InnoDB AUTO_INCREMENT=5 DEFAULT CHARSET=utf8;

-- ----------------------------
-- Records of user_roles
-- ----------------------------
INSERT INTO `user_roles` VALUES ('1', 'Supper Admin', 'Tất cả các quyền ', '1');
INSERT INTO `user_roles` VALUES ('2', 'Marketing admin', 'Xem, sửa visitor, page, domain, CTA', '1');
INSERT INTO `user_roles` VALUES ('3', 'Marketing ', 'Xem page, page detail, CTA ', '1');
INSERT INTO `user_roles` VALUES ('4', 'Sale', 'Xem visitor, visitor detail ', '1');

-- ----------------------------
-- Table structure for `zend_actions`
-- ----------------------------
DROP TABLE IF EXISTS `zend_actions`;
CREATE TABLE `zend_actions` (
  `action_id` int(10) NOT NULL AUTO_INCREMENT,
  `module_id` int(10) NOT NULL,
  `action_name` varchar(255) NOT NULL,
  `action_name_display` varchar(255) NOT NULL,
  `description` varchar(400) DEFAULT NULL,
  `is_active` tinyint(4) NOT NULL DEFAULT '1',
  PRIMARY KEY (`action_id`)
) ENGINE=InnoDB AUTO_INCREMENT=367 DEFAULT CHARSET=utf8;

-- ----------------------------
-- Records of zend_actions
-- ----------------------------
INSERT INTO `zend_actions` VALUES ('1', '1', 'index', 'Truy cập', 'Actioncategory', '1');
INSERT INTO `zend_actions` VALUES ('2', '2', 'index', 'Truy cập', 'Action', '1');
INSERT INTO `zend_actions` VALUES ('3', '3', 'index', 'Truy cập', 'Actioninsuranceagency', '1');
INSERT INTO `zend_actions` VALUES ('4', '4', 'index', 'Truy cập', 'Actioninsuranceprovider', '1');
INSERT INTO `zend_actions` VALUES ('5', '5', 'index', 'Truy cập', 'Actioninsuranceservice', '1');
INSERT INTO `zend_actions` VALUES ('6', '6', 'index', 'Truy cập', 'Actionlocation', '1');
INSERT INTO `zend_actions` VALUES ('7', '7', 'index', 'Truy cập', 'Actionnews', '1');
INSERT INTO `zend_actions` VALUES ('8', '8', 'index', 'Truy cập', 'Actionrole', '1');
INSERT INTO `zend_actions` VALUES ('9', '9', 'index', 'Truy cập', 'Actionseraction', '1');
INSERT INTO `zend_actions` VALUES ('10', '10', 'index', 'Truy cập', 'Actionseractivities', '1');
INSERT INTO `zend_actions` VALUES ('11', '11', 'index', 'Truy cập', 'Actionserphase', '1');
INSERT INTO `zend_actions` VALUES ('12', '12', 'index', 'Truy cập', 'Actionsertime', '1');
INSERT INTO `zend_actions` VALUES ('13', '13', 'index', 'Truy cập', 'Actionservice', '1');
INSERT INTO `zend_actions` VALUES ('14', '14', 'index', 'Truy cập', 'Actionsubservice', '1');
INSERT INTO `zend_actions` VALUES ('15', '15', 'index', 'Truy cập', 'Actionuser', '1');
INSERT INTO `zend_actions` VALUES ('16', '16', 'index', 'Truy cập', 'Allergiestype', '1');
INSERT INTO `zend_actions` VALUES ('17', '17', 'index', 'Truy cập', 'Babyterm', '1');
INSERT INTO `zend_actions` VALUES ('18', '18', 'index', 'Truy cập', 'Category', '1');
INSERT INTO `zend_actions` VALUES ('19', '19', 'index', 'Truy cập', 'Comment', '1');
INSERT INTO `zend_actions` VALUES ('20', '20', 'index', 'Truy cập', 'Commune', '1');
INSERT INTO `zend_actions` VALUES ('21', '21', 'index', 'Truy cập', 'Disease', '1');
INSERT INTO `zend_actions` VALUES ('22', '22', 'index', 'Truy cập', 'Diseasetype', '1');
INSERT INTO `zend_actions` VALUES ('23', '23', 'index', 'Truy cập', 'Doctor', '1');
INSERT INTO `zend_actions` VALUES ('24', '24', 'index', 'Truy cập', 'Faq', '1');
INSERT INTO `zend_actions` VALUES ('25', '25', 'index', 'Truy cập', 'Import', '1');
INSERT INTO `zend_actions` VALUES ('26', '26', 'index', 'Truy cập', 'Importexcel', '1');
INSERT INTO `zend_actions` VALUES ('27', '27', 'index', 'Truy cập', 'Insuranceagency', '1');
INSERT INTO `zend_actions` VALUES ('28', '28', 'index', 'Truy cập', 'Insuranceprovider', '1');
INSERT INTO `zend_actions` VALUES ('29', '29', 'index', 'Truy cập', 'Insuranceservice', '1');
INSERT INTO `zend_actions` VALUES ('30', '30', 'index', 'Truy cập', 'Listpost', '1');
INSERT INTO `zend_actions` VALUES ('31', '31', 'index', 'Truy cập', 'Location', '1');
INSERT INTO `zend_actions` VALUES ('32', '32', 'index', 'Truy cập', 'Momterm', '1');
INSERT INTO `zend_actions` VALUES ('33', '33', 'index', 'Truy cập', 'News', '1');
INSERT INTO `zend_actions` VALUES ('34', '34', 'index', 'Truy cập', 'Newstags', '1');
INSERT INTO `zend_actions` VALUES ('35', '35', 'index', 'Truy cập', 'Pictrue', '1');
INSERT INTO `zend_actions` VALUES ('36', '36', 'index', 'Truy cập', 'Posts', '1');
INSERT INTO `zend_actions` VALUES ('37', '37', 'index', 'Truy cập', 'Pregnantbyweek', '1');
INSERT INTO `zend_actions` VALUES ('38', '38', 'index', 'Truy cập', 'Product', '1');
INSERT INTO `zend_actions` VALUES ('39', '39', 'index', 'Truy cập', 'Relationname', '1');
INSERT INTO `zend_actions` VALUES ('40', '40', 'index', 'Truy cập', 'Relax', '1');
INSERT INTO `zend_actions` VALUES ('41', '41', 'index', 'Truy cập', 'Role', '1');
INSERT INTO `zend_actions` VALUES ('42', '42', 'index', 'Truy cập', 'Seraction', '1');
INSERT INTO `zend_actions` VALUES ('43', '43', 'index', 'Truy cập', 'Seractivities', '1');
INSERT INTO `zend_actions` VALUES ('44', '44', 'index', 'Truy cập', 'Serphase', '1');
INSERT INTO `zend_actions` VALUES ('45', '45', 'index', 'Truy cập', 'Sertime', '1');
INSERT INTO `zend_actions` VALUES ('46', '46', 'index', 'Truy cập', 'Service', '1');
INSERT INTO `zend_actions` VALUES ('47', '47', 'index', 'Truy cập', 'Servicetest', '1');
INSERT INTO `zend_actions` VALUES ('48', '48', 'index', 'Truy cập', 'Sms', '1');
INSERT INTO `zend_actions` VALUES ('49', '49', 'index', 'Truy cập', 'subservice', '1');
INSERT INTO `zend_actions` VALUES ('50', '50', 'index', 'Truy cập', 'Term', '1');
INSERT INTO `zend_actions` VALUES ('51', '51', 'index', 'Truy cập', 'Test', '1');
INSERT INTO `zend_actions` VALUES ('52', '52', 'index', 'Truy cập', 'Tooltip', '1');
INSERT INTO `zend_actions` VALUES ('53', '53', 'index', 'Truy cập', 'User', '1');
INSERT INTO `zend_actions` VALUES ('54', '54', 'index', 'Truy cập', 'Vaccinationtype', '1');
INSERT INTO `zend_actions` VALUES ('55', '55', 'index', 'Truy cập', 'Vaccine', '1');
INSERT INTO `zend_actions` VALUES ('56', '56', 'index', 'Truy cập', 'Vaccinetype', '1');
INSERT INTO `zend_actions` VALUES ('57', '57', 'index', 'Truy cập', 'Video', '1');
INSERT INTO `zend_actions` VALUES ('58', '58', 'index', 'Truy cập', 'Trang chủ', '1');
INSERT INTO `zend_actions` VALUES ('59', '58', 'denied', 'Access denied', 'Trang thông báo cho người dùng biết bị cấm quyền truy cập vào module', '1');
INSERT INTO `zend_actions` VALUES ('60', '16', 'add', 'Thêm mới', 'Thêm mới', '1');
INSERT INTO `zend_actions` VALUES ('61', '17', 'addterm', 'Thêm mới', 'addterm', '1');
INSERT INTO `zend_actions` VALUES ('62', '19', 'add', 'Thêm mới', 'add', '1');
INSERT INTO `zend_actions` VALUES ('63', '20', 'edit', 'Sửa', 'commune', '1');
INSERT INTO `zend_actions` VALUES ('64', '20', 'pagination', 'Phân trang', 'pagination', '1');
INSERT INTO `zend_actions` VALUES ('65', '20', 'province', 'province', 'province', '1');
INSERT INTO `zend_actions` VALUES ('66', '21', 'add', 'Thêm mới', 'disease', '1');
INSERT INTO `zend_actions` VALUES ('67', '22', 'add', 'Thêm mới', '', '1');
INSERT INTO `zend_actions` VALUES ('68', '23', 'update', 'Cập nhật', '', '1');
INSERT INTO `zend_actions` VALUES ('69', '24', 'update', 'Cập nhật', '', '1');
INSERT INTO `zend_actions` VALUES ('70', '25', 'excel', 'excel', 'excel', '1');
INSERT INTO `zend_actions` VALUES ('71', '26', 'upload', 'upload', 'upload', '1');
INSERT INTO `zend_actions` VALUES ('72', '30', 'add', 'Thêm mới', '', '1');
INSERT INTO `zend_actions` VALUES ('73', '30', 'edit', 'Cập nhật', '', '1');
INSERT INTO `zend_actions` VALUES ('74', '30', 'general_add', 'general_add', 'general_add', '1');
INSERT INTO `zend_actions` VALUES ('75', '30', 'general_edit', 'general_edit', 'general_edit', '1');
INSERT INTO `zend_actions` VALUES ('76', '30', 'general_index', 'general_index', 'general_index', '1');
INSERT INTO `zend_actions` VALUES ('77', '32', 'addmomterm', 'addmomterm', 'addmomterm', '1');
INSERT INTO `zend_actions` VALUES ('78', '33', 'list', 'list', 'list', '1');
INSERT INTO `zend_actions` VALUES ('79', '33', 'search', 'search', 'search', '1');
INSERT INTO `zend_actions` VALUES ('80', '33', 'pagination', 'pagination', 'pagination', '1');
INSERT INTO `zend_actions` VALUES ('81', '34', 'edit', 'edit', 'edit', '1');
INSERT INTO `zend_actions` VALUES ('82', '35', 'upload', 'upload', 'upload', '1');
INSERT INTO `zend_actions` VALUES ('83', '36', 'posts', 'posts', 'posts', '1');
INSERT INTO `zend_actions` VALUES ('84', '37', 'add', 'add', 'add', '1');
INSERT INTO `zend_actions` VALUES ('85', '37', 'using', 'using', 'using', '1');
INSERT INTO `zend_actions` VALUES ('86', '38', 'edit', 'Cập nhật', '', '1');
INSERT INTO `zend_actions` VALUES ('87', '39', 'add', 'Thêm mới', '', '1');
INSERT INTO `zend_actions` VALUES ('88', '39', 'edit', 'Cập nhật', '', '1');
INSERT INTO `zend_actions` VALUES ('89', '39', 'general_add', 'general_add', '', '1');
INSERT INTO `zend_actions` VALUES ('90', '39', 'general_edit', 'general_edit', '', '1');
INSERT INTO `zend_actions` VALUES ('91', '39', 'general_index', 'general_index', '', '1');
INSERT INTO `zend_actions` VALUES ('92', '40', 'list', 'Hiển thị danh sách', '', '1');
INSERT INTO `zend_actions` VALUES ('93', '40', 'update', 'Cập nhật', '', '1');
INSERT INTO `zend_actions` VALUES ('94', '40', 'updateitem', 'updateitem', 'updateitem', '1');
INSERT INTO `zend_actions` VALUES ('95', '46', 'addservice', 'Thêm dịch vụ mới', 'addservice', '1');
INSERT INTO `zend_actions` VALUES ('96', '47', 'addterm', 'addterm', 'addterm', '1');
INSERT INTO `zend_actions` VALUES ('97', '52', 'edit', 'edit', 'edit', '1');
INSERT INTO `zend_actions` VALUES ('98', '53', 'contentms', 'contentms', 'contentms', '1');
INSERT INTO `zend_actions` VALUES ('99', '53', 'createuser', 'createuser', 'createuser', '1');
INSERT INTO `zend_actions` VALUES ('100', '53', 'crontab-mail-newsletter', 'crontab-mail-newsletter', 'crontab-mail-newsletter', '1');
INSERT INTO `zend_actions` VALUES ('101', '53', 'findbysex', 'findbysex', 'findbysex', '1');
INSERT INTO `zend_actions` VALUES ('102', '53', 'mailhipt', 'mailhipt', 'mailhipt', '1');
INSERT INTO `zend_actions` VALUES ('103', '53', 'regis', 'regis', 'regis', '1');
INSERT INTO `zend_actions` VALUES ('104', '53', 'sendmail', 'sendmail', 'sendmail', '1');
INSERT INTO `zend_actions` VALUES ('105', '53', 'sendmember', 'sendmember', 'sendmember', '1');
INSERT INTO `zend_actions` VALUES ('106', '53', 'sendms', 'sendms', 'sendms', '1');
INSERT INTO `zend_actions` VALUES ('107', '53', 'update-email-user', 'update-email-user', 'update-email-user', '1');
INSERT INTO `zend_actions` VALUES ('108', '53', 'usercreated', 'usercreated', 'usercreated', '1');
INSERT INTO `zend_actions` VALUES ('109', '54', 'add', 'Thêm mới', '', '1');
INSERT INTO `zend_actions` VALUES ('110', '55', 'edit', 'Cập nhật', '', '1');
INSERT INTO `zend_actions` VALUES ('111', '56', 'edit', 'Cập nhật', '', '1');
INSERT INTO `zend_actions` VALUES ('112', '56', 'sertime', 'sertime', 'sertime', '1');
INSERT INTO `zend_actions` VALUES ('113', '57', 'add', 'Thêm mới', '', '1');
INSERT INTO `zend_actions` VALUES ('114', '57', 'edit', 'edit', '', '1');
INSERT INTO `zend_actions` VALUES ('115', '57', 'general_add', 'general_add', '', '1');
INSERT INTO `zend_actions` VALUES ('116', '57', 'general_edit', 'general_edit', 'general_edit', '1');
INSERT INTO `zend_actions` VALUES ('117', '57', 'general_index', 'general_index', 'general_index', '1');
INSERT INTO `zend_actions` VALUES ('118', '59', 'index', 'Truy cập', 'users', '1');
INSERT INTO `zend_actions` VALUES ('119', '60', 'index', 'Truy cập', 'Advertising', '1');
INSERT INTO `zend_actions` VALUES ('120', '61', 'index', 'Truy cập', 'Answer', '1');
INSERT INTO `zend_actions` VALUES ('121', '62', 'index', 'Truy cập', 'Appointment', '1');
INSERT INTO `zend_actions` VALUES ('122', '63', 'index', 'Truy cập', 'Faqcat', '1');
INSERT INTO `zend_actions` VALUES ('123', '64', 'index', 'Truy cập', 'Login', '1');
INSERT INTO `zend_actions` VALUES ('124', '65', 'index', 'Truy cập', 'Questions', '1');
INSERT INTO `zend_actions` VALUES ('125', '59', 'add', 'Thêm mới', 'Thêm mới thành viên', '1');
INSERT INTO `zend_actions` VALUES ('126', '59', 'edit', 'Cập nhật', '', '1');
INSERT INTO `zend_actions` VALUES ('127', '59', 'delete', 'Xóa thành viên', '', '1');
INSERT INTO `zend_actions` VALUES ('128', '60', 'add', 'Thêm mới', '', '1');
INSERT INTO `zend_actions` VALUES ('129', '60', 'edit', 'Cập nhật', '', '1');
INSERT INTO `zend_actions` VALUES ('130', '60', 'delete', 'Xóa dữ liệu', '', '1');
INSERT INTO `zend_actions` VALUES ('131', '61', 'add', 'Thêm mới', '', '1');
INSERT INTO `zend_actions` VALUES ('132', '61', 'edit', 'Cập nhật', '', '1');
INSERT INTO `zend_actions` VALUES ('133', '61', 'delete', 'Xóa dữ liệu', '', '1');
INSERT INTO `zend_actions` VALUES ('134', '61', 'changestatus', 'Thay đổi tình trạng', 'Thay đổi tình trạng', '1');
INSERT INTO `zend_actions` VALUES ('135', '62', 'view', 'view', 'view', '1');
INSERT INTO `zend_actions` VALUES ('136', '62', 'add', 'Thêm mới', '', '1');
INSERT INTO `zend_actions` VALUES ('137', '62', 'edit', 'Cập nhật', '', '1');
INSERT INTO `zend_actions` VALUES ('138', '63', 'add', 'Thêm mới', '', '1');
INSERT INTO `zend_actions` VALUES ('139', '63', 'edit', 'Cập nhật', '', '1');
INSERT INTO `zend_actions` VALUES ('140', '33', 'add', 'Thêm mới', '', '1');
INSERT INTO `zend_actions` VALUES ('141', '33', 'edit', 'Cập nhật', '', '1');
INSERT INTO `zend_actions` VALUES ('142', '65', 'add', 'Thêm mới', '', '1');
INSERT INTO `zend_actions` VALUES ('143', '65', 'edit', 'Cập nhật', '', '1');
INSERT INTO `zend_actions` VALUES ('144', '62', 'delete', 'Xóa dữ liệu', '', '1');
INSERT INTO `zend_actions` VALUES ('145', '63', 'delete', 'Xóa dữ liệu', '', '1');
INSERT INTO `zend_actions` VALUES ('146', '64', 'delete', 'Xóa dữ liệu', '', '1');
INSERT INTO `zend_actions` VALUES ('147', '65', 'delete', 'Xóa dữ liệu', '', '1');
INSERT INTO `zend_actions` VALUES ('148', '66', 'index', 'Truy cập', 'Loại địa điểm', '1');
INSERT INTO `zend_actions` VALUES ('149', '66', 'update', 'Cập nhật', '', '1');
INSERT INTO `zend_actions` VALUES ('150', '67', 'index', 'Truy cập', 'Ứng dụng', '1');
INSERT INTO `zend_actions` VALUES ('151', '68', 'index', 'Truy cập', 'Modules', '1');
INSERT INTO `zend_actions` VALUES ('152', '41', 'update', 'Thêm mới / Cập nhật', 'Thêm mới, cập nhật module', '1');
INSERT INTO `zend_actions` VALUES ('153', '69', 'index', 'Truy cập', 'icd10', '1');
INSERT INTO `zend_actions` VALUES ('154', '69', 'update', 'Thêm mới / Cập nhật', '', '1');
INSERT INTO `zend_actions` VALUES ('155', '69', 'delete', 'delete', 'delete', '1');
INSERT INTO `zend_actions` VALUES ('156', '70', 'index', 'Truy cập', 'ACL - Hệ thống phân quyền', '1');
INSERT INTO `zend_actions` VALUES ('157', '53', 'role', 'Cấp quyền truy cập', '', '1');
INSERT INTO `zend_actions` VALUES ('158', '31', 'update', 'Thêm mới / Cập nhật', '', '1');
INSERT INTO `zend_actions` VALUES ('159', '46', 'update', 'Thêm mới / Cập nhật', '', '1');
INSERT INTO `zend_actions` VALUES ('160', '68', 'update', 'Thêm mới / Cập nhật', '', '1');
INSERT INTO `zend_actions` VALUES ('161', '68', 'delete', 'Xóa module', '', '1');
INSERT INTO `zend_actions` VALUES ('162', '70', 'update', 'Thêm mới / Cập nhật', '', '1');
INSERT INTO `zend_actions` VALUES ('163', '62', 'backup', 'Export to excel', '', '1');
INSERT INTO `zend_actions` VALUES ('164', '2', 'update', 'Cập nhật / Thêm mới', '', '1');
INSERT INTO `zend_actions` VALUES ('165', '53', 'role', 'Cấp quyền', '', '1');
INSERT INTO `zend_actions` VALUES ('166', '71', 'index', 'Truy cập', 'Vouchers', '1');
INSERT INTO `zend_actions` VALUES ('167', '72', 'index', 'Truy cập', 'Coupons', '1');
INSERT INTO `zend_actions` VALUES ('168', '73', 'index', 'Truy cập', 'Đối tác', '1');
INSERT INTO `zend_actions` VALUES ('169', '72', 'add', 'Thêm mới', '', '1');
INSERT INTO `zend_actions` VALUES ('170', '72', 'edit', 'Sửa', '', '1');
INSERT INTO `zend_actions` VALUES ('171', '73', 'add', 'Thêm mới', '', '1');
INSERT INTO `zend_actions` VALUES ('172', '73', 'edit', 'Sửa', '', '1');
INSERT INTO `zend_actions` VALUES ('173', '65', 'changestatus', 'Thay đổi trạng thái', '', '1');
INSERT INTO `zend_actions` VALUES ('174', '74', 'index', 'Truy cập', 'Ảnh của coupon', '1');
INSERT INTO `zend_actions` VALUES ('175', '74', 'add', 'Thêm mới', '', '1');
INSERT INTO `zend_actions` VALUES ('176', '74', 'edit', 'Cập nhật', '', '1');
INSERT INTO `zend_actions` VALUES ('177', '75', 'index', 'Truy cập', 'Loại tin bài', '1');
INSERT INTO `zend_actions` VALUES ('178', '75', 'update', 'Thêm mới / Cập nhật', '', '1');
INSERT INTO `zend_actions` VALUES ('179', '34', 'update', 'Thêm mới / Cập nhật', 'Chức năng quản lý tags bên Administrator', '1');
INSERT INTO `zend_actions` VALUES ('180', '74', 'delete', 'Xóa ảnh', '', '1');
INSERT INTO `zend_actions` VALUES ('181', '74', 'changestatus', 'Thay đổi trạng thái', '', '1');
INSERT INTO `zend_actions` VALUES ('182', '72', 'delete', 'Xoá', '', '1');
INSERT INTO `zend_actions` VALUES ('183', '76', 'index', 'Truy cập', 'SEO', '1');
INSERT INTO `zend_actions` VALUES ('184', '76', 'update', 'Thêm mới / Cập nhật', '', '1');
INSERT INTO `zend_actions` VALUES ('185', '71', 'delete', 'Xoá', '', '1');
INSERT INTO `zend_actions` VALUES ('186', '70', 'reload', 'reload', '', '1');
INSERT INTO `zend_actions` VALUES ('187', '33', 'changestatus', 'changestatus', null, '1');
INSERT INTO `zend_actions` VALUES ('188', '33', 'delete', 'Xóa', null, '1');
INSERT INTO `zend_actions` VALUES ('189', '53', 'update', 'Cập nhật', null, '1');
INSERT INTO `zend_actions` VALUES ('190', '77', 'index', 'Truy cập', 'Error', '1');
INSERT INTO `zend_actions` VALUES ('191', '77', 'error', 'error', null, '1');
INSERT INTO `zend_actions` VALUES ('192', '67', 'add', 'Thêm mới', null, '1');
INSERT INTO `zend_actions` VALUES ('193', '67', 'edit', 'Sửa', null, '1');
INSERT INTO `zend_actions` VALUES ('194', '67', 'changestatus', 'changestatus', null, '1');
INSERT INTO `zend_actions` VALUES ('195', '67', 'delete', 'Xóa', null, '1');
INSERT INTO `zend_actions` VALUES ('196', '71', 'insertvoucher', 'insertvoucher', null, '1');
INSERT INTO `zend_actions` VALUES ('197', '72', 'changestatus', 'changestatus', null, '1');
INSERT INTO `zend_actions` VALUES ('198', '2', 'getlist', 'getList', null, '1');
INSERT INTO `zend_actions` VALUES ('199', '73', 'insertvoucher', 'insertVoucher', null, '1');
INSERT INTO `zend_actions` VALUES ('200', '73', 'changestatus', 'changestatus', null, '1');
INSERT INTO `zend_actions` VALUES ('201', '73', 'delete', 'Xóa', null, '1');
INSERT INTO `zend_actions` VALUES ('202', '20', 'update', 'Cập nhật', '', '1');
INSERT INTO `zend_actions` VALUES ('203', '78', 'index', 'Truy cập', 'Quận - Huyện', '1');
INSERT INTO `zend_actions` VALUES ('204', '78', 'update', 'Thêm mới / Cập nhật', '', '1');
INSERT INTO `zend_actions` VALUES ('205', '2', 'view', 'view', null, '1');
INSERT INTO `zend_actions` VALUES ('206', '1', 'view', 'view', null, '1');
INSERT INTO `zend_actions` VALUES ('207', '3', 'view', 'view', null, '1');
INSERT INTO `zend_actions` VALUES ('208', '4', 'view', 'view', null, '1');
INSERT INTO `zend_actions` VALUES ('209', '5', 'view', 'view', null, '1');
INSERT INTO `zend_actions` VALUES ('210', '6', 'view', 'view', null, '1');
INSERT INTO `zend_actions` VALUES ('211', '7', 'view', 'view', null, '1');
INSERT INTO `zend_actions` VALUES ('212', '8', 'view', 'view', null, '1');
INSERT INTO `zend_actions` VALUES ('213', '9', 'view', 'view', null, '1');
INSERT INTO `zend_actions` VALUES ('214', '10', 'view', 'view', null, '1');
INSERT INTO `zend_actions` VALUES ('215', '11', 'view', 'view', null, '1');
INSERT INTO `zend_actions` VALUES ('216', '12', 'view', 'view', null, '1');
INSERT INTO `zend_actions` VALUES ('217', '13', 'view', 'view', null, '1');
INSERT INTO `zend_actions` VALUES ('218', '14', 'view', 'view', null, '1');
INSERT INTO `zend_actions` VALUES ('219', '15', 'view', 'view', null, '1');
INSERT INTO `zend_actions` VALUES ('220', '16', 'view', 'view', null, '1');
INSERT INTO `zend_actions` VALUES ('221', '18', 'view', 'view', null, '1');
INSERT INTO `zend_actions` VALUES ('222', '19', 'view', 'view', null, '1');
INSERT INTO `zend_actions` VALUES ('223', '20', 'delete', 'Xóa', null, '1');
INSERT INTO `zend_actions` VALUES ('224', '21', 'view', 'view', null, '1');
INSERT INTO `zend_actions` VALUES ('225', '22', 'view', 'view', null, '1');
INSERT INTO `zend_actions` VALUES ('226', '23', 'updateitem', 'updateitem', null, '1');
INSERT INTO `zend_actions` VALUES ('227', '58', 'view', 'view', null, '1');
INSERT INTO `zend_actions` VALUES ('228', '27', 'view', 'view', null, '1');
INSERT INTO `zend_actions` VALUES ('229', '28', 'view', 'view', null, '1');
INSERT INTO `zend_actions` VALUES ('230', '29', 'view', 'view', null, '1');
INSERT INTO `zend_actions` VALUES ('231', '30', 'delete', 'Xóa', null, '1');
INSERT INTO `zend_actions` VALUES ('232', '31', 'delete', 'Xóa', null, '1');
INSERT INTO `zend_actions` VALUES ('233', '31', 'view', 'view', null, '1');
INSERT INTO `zend_actions` VALUES ('234', '34', 'delete', 'Xóa', null, '1');
INSERT INTO `zend_actions` VALUES ('235', '35', 'view', 'view', null, '1');
INSERT INTO `zend_actions` VALUES ('236', '36', 'view', 'view', null, '1');
INSERT INTO `zend_actions` VALUES ('237', '37', 'view', 'view', null, '1');
INSERT INTO `zend_actions` VALUES ('238', '38', 'delete', 'Xóa', null, '1');
INSERT INTO `zend_actions` VALUES ('239', '39', 'delete', 'Xóa', null, '1');
INSERT INTO `zend_actions` VALUES ('240', '41', 'view', 'view', null, '1');
INSERT INTO `zend_actions` VALUES ('241', '42', 'view', 'view', null, '1');
INSERT INTO `zend_actions` VALUES ('242', '43', 'view', 'view', null, '1');
INSERT INTO `zend_actions` VALUES ('243', '44', 'view', 'view', null, '1');
INSERT INTO `zend_actions` VALUES ('244', '45', 'view', 'view', null, '1');
INSERT INTO `zend_actions` VALUES ('245', '46', 'view', 'view', null, '1');
INSERT INTO `zend_actions` VALUES ('246', '47', 'view', 'view', null, '1');
INSERT INTO `zend_actions` VALUES ('247', '50', 'view', 'view', null, '1');
INSERT INTO `zend_actions` VALUES ('248', '51', 'view', 'view', null, '1');
INSERT INTO `zend_actions` VALUES ('249', '53', 'sendbyselect', 'sendbyselect', null, '1');
INSERT INTO `zend_actions` VALUES ('250', '53', 'crontabmailnewsletter', 'crontabMailNewsletter', null, '1');
INSERT INTO `zend_actions` VALUES ('251', '53', 'updateemailuser', 'updateEmailUser', null, '1');
INSERT INTO `zend_actions` VALUES ('252', '54', 'delete', 'Xóa', null, '1');
INSERT INTO `zend_actions` VALUES ('253', '55', 'delete', 'Xóa', null, '1');
INSERT INTO `zend_actions` VALUES ('254', '56', 'delete', 'Xóa', null, '1');
INSERT INTO `zend_actions` VALUES ('255', '57', 'delete', 'Xóa', null, '1');
INSERT INTO `zend_actions` VALUES ('256', '49', 'view', 'view', null, '1');
INSERT INTO `zend_actions` VALUES ('257', '79', 'index', 'Truy cập', 'Seopage', '1');
INSERT INTO `zend_actions` VALUES ('258', '79', 'update', 'Cập nhật', null, '1');
INSERT INTO `zend_actions` VALUES ('259', '80', 'index', 'Truy cập', 'Trackingemail', '1');
INSERT INTO `zend_actions` VALUES ('260', '80', 'view', 'view', null, '1');
INSERT INTO `zend_actions` VALUES ('261', '80', 'delete', 'Xóa', null, '1');
INSERT INTO `zend_actions` VALUES ('262', '80', 'backup', 'backup', null, '1');
INSERT INTO `zend_actions` VALUES ('263', '71', 'backup', 'Xuất Excel', '', '1');
INSERT INTO `zend_actions` VALUES ('264', '81', 'index', 'Truy cập', 'Trackinguser', '1');
INSERT INTO `zend_actions` VALUES ('265', '81', 'view', 'view', null, '1');
INSERT INTO `zend_actions` VALUES ('266', '81', 'delete', 'Xóa', null, '1');
INSERT INTO `zend_actions` VALUES ('267', '81', 'backup', 'backup', null, '1');
INSERT INTO `zend_actions` VALUES ('268', '82', 'index', 'Truy cập', 'Totals', '1');
INSERT INTO `zend_actions` VALUES ('269', '82', 'view', 'view', null, '1');
INSERT INTO `zend_actions` VALUES ('270', '83', 'index', 'Truy cập', 'Userspecial', '1');
INSERT INTO `zend_actions` VALUES ('271', '83', 'add', 'Thêm mới', null, '1');
INSERT INTO `zend_actions` VALUES ('272', '83', 'edit', 'Sửa', null, '1');
INSERT INTO `zend_actions` VALUES ('273', '83', 'changestatus', 'changestatus', null, '1');
INSERT INTO `zend_actions` VALUES ('274', '83', 'delete', 'Xóa', null, '1');
INSERT INTO `zend_actions` VALUES ('275', '84', 'index', 'Truy cập', 'Voucherpartner', '1');
INSERT INTO `zend_actions` VALUES ('276', '84', 'view', 'view', null, '1');
INSERT INTO `zend_actions` VALUES ('277', '84', 'delete', 'Xóa', null, '1');
INSERT INTO `zend_actions` VALUES ('278', '84', 'changestatus', 'changeStatus', null, '1');
INSERT INTO `zend_actions` VALUES ('279', '84', 'backup', 'backup', null, '1');
INSERT INTO `zend_actions` VALUES ('280', '85', 'index', 'Truy cập', 'Appcat', '1');
INSERT INTO `zend_actions` VALUES ('281', '85', 'add', 'Thêm mới', null, '1');
INSERT INTO `zend_actions` VALUES ('282', '85', 'edit', 'Sửa', null, '1');
INSERT INTO `zend_actions` VALUES ('283', '85', 'delete', 'Xóa', null, '1');
INSERT INTO `zend_actions` VALUES ('284', '79', 'keyword', 'keyword', null, '1');
INSERT INTO `zend_actions` VALUES ('285', '79', 'import', 'import', null, '1');
INSERT INTO `zend_actions` VALUES ('286', '79', 'report', 'report', null, '1');
INSERT INTO `zend_actions` VALUES ('287', '33', 'getrssnews', 'getRssNews', null, '1');
INSERT INTO `zend_actions` VALUES ('288', '33', 'crawler', 'crawler', null, '1');
INSERT INTO `zend_actions` VALUES ('289', '33', 'testcrawler', 'testcrawler', null, '1');
INSERT INTO `zend_actions` VALUES ('290', '33', 'getcrawlersitecontent', 'getcrawlersitecontent', null, '1');
INSERT INTO `zend_actions` VALUES ('291', '79', 'news', 'news', null, '1');
INSERT INTO `zend_actions` VALUES ('292', '86', 'index', 'Truy cập', 'Seoreport', '1');
INSERT INTO `zend_actions` VALUES ('293', '87', 'index', 'Truy cập', 'Listappointment', '1');
INSERT INTO `zend_actions` VALUES ('294', '87', 'add', 'Thêm mới', null, '1');
INSERT INTO `zend_actions` VALUES ('295', '87', 'edit', 'Sửa', null, '1');
INSERT INTO `zend_actions` VALUES ('296', '87', 'delete', 'Xóa', null, '1');
INSERT INTO `zend_actions` VALUES ('297', '88', 'index', 'Truy cập', 'Listtimeappointment', '1');
INSERT INTO `zend_actions` VALUES ('298', '88', 'add', 'Thêm mới', null, '1');
INSERT INTO `zend_actions` VALUES ('299', '88', 'edit', 'Sửa', null, '1');
INSERT INTO `zend_actions` VALUES ('300', '88', 'delete', 'Xóa', null, '1');
INSERT INTO `zend_actions` VALUES ('301', '89', 'index', 'Truy cập', 'Seocomment', '1');
INSERT INTO `zend_actions` VALUES ('302', '89', 'update', 'Cập nhật', null, '1');
INSERT INTO `zend_actions` VALUES ('303', '79', 'sitemap', 'sitemap', null, '1');
INSERT INTO `zend_actions` VALUES ('304', '79', 'autolink', 'autolink', null, '1');
INSERT INTO `zend_actions` VALUES ('305', '82', 'statistic', 'statistic', 'statistic', '1');
INSERT INTO `zend_actions` VALUES ('306', '90', 'index', 'Truy cập', 'Seoauto', '1');
INSERT INTO `zend_actions` VALUES ('307', '90', 'update', 'Cập nhật', null, '1');
INSERT INTO `zend_actions` VALUES ('308', '91', 'index', 'Truy cập', 'Statistic', '1');
INSERT INTO `zend_actions` VALUES ('309', '91', 'postlikestatistic', 'postlikestatistic', null, '1');
INSERT INTO `zend_actions` VALUES ('310', '91', 'advertisingclick', 'advertisingclick', null, '1');
INSERT INTO `zend_actions` VALUES ('311', '91', 'userstatistic', 'userstatistic', null, '1');
INSERT INTO `zend_actions` VALUES ('312', '91', 'csvexport', 'csvexport', null, '1');
INSERT INTO `zend_actions` VALUES ('313', '92', 'index', 'Truy cập', 'Menu', '1');
INSERT INTO `zend_actions` VALUES ('314', '92', 'update', 'Cập nhật', null, '1');
INSERT INTO `zend_actions` VALUES ('315', '91', 'newsstatistic', 'newsstatistic', null, '1');
INSERT INTO `zend_actions` VALUES ('316', '93', 'index', 'Truy cập', 'Menugroup', '1');
INSERT INTO `zend_actions` VALUES ('317', '93', 'update', 'Cập nhật', null, '1');
INSERT INTO `zend_actions` VALUES ('318', '91', 'questionanswerstatistic', 'questionanswerstatistic', null, '1');
INSERT INTO `zend_actions` VALUES ('319', '91', 'apptatistic', 'apptatistic', null, '1');
INSERT INTO `zend_actions` VALUES ('320', '94', 'index', 'Truy cập', 'Seogroup', '1');
INSERT INTO `zend_actions` VALUES ('321', '94', 'suggest', 'suggest', null, '1');
INSERT INTO `zend_actions` VALUES ('322', '91', 'userhistorystatistic', 'userhistorystatistic', null, '1');
INSERT INTO `zend_actions` VALUES ('323', '91', 'searchuserjson', 'searchuserjson', null, '1');
INSERT INTO `zend_actions` VALUES ('324', '94', 'update', 'Cập nhật', null, '1');
INSERT INTO `zend_actions` VALUES ('325', '95', 'index', 'Truy cập', 'Contest', '1');
INSERT INTO `zend_actions` VALUES ('326', '95', 'add', 'Thêm mới', null, '1');
INSERT INTO `zend_actions` VALUES ('327', '95', 'edit', 'Sửa', null, '1');
INSERT INTO `zend_actions` VALUES ('328', '95', 'changestatus', 'changestatus', null, '1');
INSERT INTO `zend_actions` VALUES ('329', '95', 'delete', 'Xóa', null, '1');
INSERT INTO `zend_actions` VALUES ('330', '33', 'getrssnewsv2', 'getrssnewsv2', null, '1');
INSERT INTO `zend_actions` VALUES ('331', '33', 'getcrawlersitecontentv2', 'getcrawlersitecontentv2', null, '1');
INSERT INTO `zend_actions` VALUES ('332', '79', 'automark', 'automark', null, '1');
INSERT INTO `zend_actions` VALUES ('333', '79', 'auto', 'auto', null, '1');
INSERT INTO `zend_actions` VALUES ('334', '96', 'index', 'Truy cập', 'Newsv2', '1');
INSERT INTO `zend_actions` VALUES ('335', '96', 'update', 'Cập nhật', null, '1');
INSERT INTO `zend_actions` VALUES ('336', '97', 'index', 'Truy cập', 'Seoer', '1');
INSERT INTO `zend_actions` VALUES ('337', '97', 'update', 'Cập nhật', null, '1');
INSERT INTO `zend_actions` VALUES ('338', '79', 'rss', 'rss', null, '1');
INSERT INTO `zend_actions` VALUES ('339', '79', 'resetindexing', 'resetindexing', null, '1');
INSERT INTO `zend_actions` VALUES ('340', '79', 'indexing', 'indexing', null, '1');
INSERT INTO `zend_actions` VALUES ('341', '98', 'index', 'Truy cập', 'Seopagetype', '1');
INSERT INTO `zend_actions` VALUES ('342', '98', 'update', 'Cập nhật', null, '1');
INSERT INTO `zend_actions` VALUES ('343', '99', 'index', 'Truy cập', 'Userrequest', '1');
INSERT INTO `zend_actions` VALUES ('344', '99', 'update', 'Cập nhật', null, '1');
INSERT INTO `zend_actions` VALUES ('345', '100', 'index', 'Truy cập', 'Config', '1');
INSERT INTO `zend_actions` VALUES ('346', '100', 'update', 'Cập nhật', null, '1');
INSERT INTO `zend_actions` VALUES ('347', '101', 'index', 'Truy cập', 'Successpage', '1');
INSERT INTO `zend_actions` VALUES ('348', '101', 'update', 'Cập nhật', null, '1');
INSERT INTO `zend_actions` VALUES ('349', '102', 'index', 'Truy cập', 'Url', '1');
INSERT INTO `zend_actions` VALUES ('350', '102', 'update', 'Cập nhật', null, '1');
INSERT INTO `zend_actions` VALUES ('351', '103', 'index', 'Truy cập', 'Ctapage', '1');
INSERT INTO `zend_actions` VALUES ('352', '103', 'update', 'Cập nhật', null, '1');
INSERT INTO `zend_actions` VALUES ('353', '104', 'index', 'Truy cập', 'Domain', '1');
INSERT INTO `zend_actions` VALUES ('354', '104', 'update', 'Cập nhật', null, '1');
INSERT INTO `zend_actions` VALUES ('355', '105', 'index', 'Truy cập', 'Visitor', '1');
INSERT INTO `zend_actions` VALUES ('356', '105', 'update', 'Cập nhật', null, '1');
INSERT INTO `zend_actions` VALUES ('357', '106', 'index', 'Truy c?p', 'Tracking', '1');
INSERT INTO `zend_actions` VALUES ('358', '106', 'update', 'C?p nh?t', null, '1');
INSERT INTO `zend_actions` VALUES ('359', '107', 'index', 'Truy c?p', 'Useradmin', '1');
INSERT INTO `zend_actions` VALUES ('360', '107', 'role', 'role', null, '1');
INSERT INTO `zend_actions` VALUES ('361', '107', 'update', 'C?p nh?t', null, '1');
INSERT INTO `zend_actions` VALUES ('362', '107', 'editpass', 'editpass', null, '1');
INSERT INTO `zend_actions` VALUES ('363', '107', 'edituser', 'edituser', null, '1');
INSERT INTO `zend_actions` VALUES ('364', '107', 'editpassadmin', 'editpassadmin', null, '1');
INSERT INTO `zend_actions` VALUES ('365', '107', 'check_exitemail', 'check_exitemail', null, '1');
INSERT INTO `zend_actions` VALUES ('366', '107', 'getpass', 'getpass', null, '1');

-- ----------------------------
-- Table structure for `zend_menu`
-- ----------------------------
DROP TABLE IF EXISTS `zend_menu`;
CREATE TABLE `zend_menu` (
  `menu_id` int(10) NOT NULL AUTO_INCREMENT,
  `group_id` smallint(6) NOT NULL,
  `menu_name` varchar(500) NOT NULL,
  `menu_url` varchar(500) NOT NULL,
  `action_id` int(11) NOT NULL,
  `menu_order` int(11) NOT NULL DEFAULT '0',
  `menu_description` varchar(500) NOT NULL,
  PRIMARY KEY (`menu_id`)
) ENGINE=InnoDB AUTO_INCREMENT=84 DEFAULT CHARSET=utf8;

-- ----------------------------
-- Records of zend_menu
-- ----------------------------
INSERT INTO `zend_menu` VALUES ('16', '3', 'Quản lý thành viên', 'http://wish.vn/administrator/user', '53', '100', '');
INSERT INTO `zend_menu` VALUES ('56', '16', 'Reload ACL', 'http://wish.vn/administrator/acl/reload', '186', '100', '');
INSERT INTO `zend_menu` VALUES ('57', '16', 'Quản lý nhóm thành viên', 'http://wish.vn/administrator/role', '41', '90', '');
INSERT INTO `zend_menu` VALUES ('58', '16', 'Thêm nhóm thành viên mới', 'http://wish.vn/administrator/role/update', '152', '80', '');
INSERT INTO `zend_menu` VALUES ('59', '16', 'Quản lý modules', 'http://wish.vn/administrator/module', '151', '70', '');
INSERT INTO `zend_menu` VALUES ('60', '16', 'Quản lý danh sách menu', 'http://wish.vn/administrator/menu', '313', '60', '');
INSERT INTO `zend_menu` VALUES ('61', '16', 'Thêm menu mới', 'http://wish.vn/administrator/menu/update', '314', '50', '');
INSERT INTO `zend_menu` VALUES ('63', '16', 'Quản lý nhóm menu', 'http://wish.vn/administrator/menugroup', '316', '30', '');
INSERT INTO `zend_menu` VALUES ('64', '16', 'Thêm nhóm menu mới', 'http://wish.vn/administrator/menugroup/update', '317', '20', '');
INSERT INTO `zend_menu` VALUES ('73', '18', 'System config', 'http://localhost/UserTracking/administrator/config', '345', '10', '');
INSERT INTO `zend_menu` VALUES ('74', '17', 'Success page', 'http://localhost/UserTracking/administrator/successpage', '347', '100', '');
INSERT INTO `zend_menu` VALUES ('75', '17', 'Url manage', 'http://localhost/UserTracking/administrator/url', '349', '80', '');
INSERT INTO `zend_menu` VALUES ('76', '17', 'CTA page', 'http://localhost/UserTracking/administrator/ctapage', '351', '90', '');
INSERT INTO `zend_menu` VALUES ('77', '17', 'Visitor manage', 'http://192.168.1.20/usertracking/administrator/visitor', '355', '10', '');
INSERT INTO `zend_menu` VALUES ('78', '17', 'Domain manage', 'http://192.168.1.20/usertracking/administrator/domain', '353', '10', '');
INSERT INTO `zend_menu` VALUES ('81', '3', 'Thêm thành viên', 'http://192.168.1.20/UserTracking/administrator/useradmin/update', '361', '10', '');
INSERT INTO `zend_menu` VALUES ('82', '3', 'Edit pass', 'http://192.168.1.20/UserTracking/administrator/useradmin', '359', '10', '');
INSERT INTO `zend_menu` VALUES ('83', '17', 'Tracking Manage', 'http://192.168.1.20/usertracking/administrator/tracking', '357', '10', '');

-- ----------------------------
-- Table structure for `zend_menugroup`
-- ----------------------------
DROP TABLE IF EXISTS `zend_menugroup`;
CREATE TABLE `zend_menugroup` (
  `group_id` smallint(6) NOT NULL AUTO_INCREMENT,
  `group_name` varchar(500) NOT NULL,
  `description` varchar(500) NOT NULL,
  `group_order` smallint(6) NOT NULL DEFAULT '0',
  PRIMARY KEY (`group_id`)
) ENGINE=InnoDB AUTO_INCREMENT=19 DEFAULT CHARSET=utf8;

-- ----------------------------
-- Records of zend_menugroup
-- ----------------------------
INSERT INTO `zend_menugroup` VALUES ('3', 'Admin', 'Thành viên', '80');
INSERT INTO `zend_menugroup` VALUES ('16', 'Hệ thống phân quyền', 'Hệ thống phân quyền', '0');
INSERT INTO `zend_menugroup` VALUES ('17', 'Tracking', 'User tracking', '1000');
INSERT INTO `zend_menugroup` VALUES ('18', 'Configs', 'Cập nhật những configs chung của hệ thống', '10');

-- ----------------------------
-- Table structure for `zend_modules`
-- ----------------------------
DROP TABLE IF EXISTS `zend_modules`;
CREATE TABLE `zend_modules` (
  `module_id` int(10) NOT NULL AUTO_INCREMENT,
  `module_name` varchar(255) NOT NULL,
  `module_name_display` varchar(255) NOT NULL,
  `description` varchar(400) DEFAULT NULL,
  `is_active` tinyint(4) NOT NULL DEFAULT '1',
  PRIMARY KEY (`module_id`)
) ENGINE=InnoDB AUTO_INCREMENT=108 DEFAULT CHARSET=utf8;

-- ----------------------------
-- Records of zend_modules
-- ----------------------------
INSERT INTO `zend_modules` VALUES ('2', 'action', 'Action', 'Action', '1');
INSERT INTO `zend_modules` VALUES ('41', 'role', 'Role', 'Role', '1');
INSERT INTO `zend_modules` VALUES ('53', 'user', 'User', 'User', '1');
INSERT INTO `zend_modules` VALUES ('58', 'index', 'Trang chủ', 'index', '1');
INSERT INTO `zend_modules` VALUES ('68', 'module', 'Modules', '', '1');
INSERT INTO `zend_modules` VALUES ('70', 'acl', 'ACL - Hệ thống phân quyền', '', '1');
INSERT INTO `zend_modules` VALUES ('77', 'error', 'Error', null, '1');
INSERT INTO `zend_modules` VALUES ('92', 'menu', 'Menu', null, '1');
INSERT INTO `zend_modules` VALUES ('93', 'menugroup', 'Menugroup', null, '1');
INSERT INTO `zend_modules` VALUES ('100', 'config', 'Config', null, '1');
INSERT INTO `zend_modules` VALUES ('101', 'successpage', 'Successpage', null, '1');
INSERT INTO `zend_modules` VALUES ('102', 'url', 'Url', null, '1');
INSERT INTO `zend_modules` VALUES ('103', 'ctapage', 'Ctapage', null, '1');
INSERT INTO `zend_modules` VALUES ('104', 'domain', 'Domain', null, '1');
INSERT INTO `zend_modules` VALUES ('105', 'visitor', 'Visitor', null, '1');
INSERT INTO `zend_modules` VALUES ('106', 'tracking', 'Tracking', null, '1');
INSERT INTO `zend_modules` VALUES ('107', 'useradmin', 'Useradmin', null, '1');

-- ----------------------------
-- Table structure for `zend_rights`
-- ----------------------------
DROP TABLE IF EXISTS `zend_rights`;
CREATE TABLE `zend_rights` (
  `right_id` int(10) NOT NULL AUTO_INCREMENT,
  `role_id` int(10) NOT NULL,
  `action_id` int(10) NOT NULL,
  PRIMARY KEY (`right_id`)
) ENGINE=InnoDB AUTO_INCREMENT=70 DEFAULT CHARSET=utf8;

-- ----------------------------
-- Records of zend_rights
-- ----------------------------
INSERT INTO `zend_rights` VALUES ('1', '1', '156');
INSERT INTO `zend_rights` VALUES ('2', '1', '162');
INSERT INTO `zend_rights` VALUES ('3', '1', '186');
INSERT INTO `zend_rights` VALUES ('4', '1', '2');
INSERT INTO `zend_rights` VALUES ('5', '1', '164');
INSERT INTO `zend_rights` VALUES ('6', '1', '205');
INSERT INTO `zend_rights` VALUES ('7', '1', '198');
INSERT INTO `zend_rights` VALUES ('8', '1', '345');
INSERT INTO `zend_rights` VALUES ('9', '1', '346');
INSERT INTO `zend_rights` VALUES ('10', '1', '191');
INSERT INTO `zend_rights` VALUES ('11', '1', '190');
INSERT INTO `zend_rights` VALUES ('12', '1', '313');
INSERT INTO `zend_rights` VALUES ('13', '1', '314');
INSERT INTO `zend_rights` VALUES ('14', '1', '317');
INSERT INTO `zend_rights` VALUES ('15', '1', '316');
INSERT INTO `zend_rights` VALUES ('16', '1', '151');
INSERT INTO `zend_rights` VALUES ('17', '1', '160');
INSERT INTO `zend_rights` VALUES ('18', '1', '161');
INSERT INTO `zend_rights` VALUES ('19', '1', '240');
INSERT INTO `zend_rights` VALUES ('20', '1', '41');
INSERT INTO `zend_rights` VALUES ('21', '1', '152');
INSERT INTO `zend_rights` VALUES ('22', '1', '59');
INSERT INTO `zend_rights` VALUES ('23', '1', '227');
INSERT INTO `zend_rights` VALUES ('24', '1', '58');
INSERT INTO `zend_rights` VALUES ('25', '1', '101');
INSERT INTO `zend_rights` VALUES ('26', '1', '165');
INSERT INTO `zend_rights` VALUES ('27', '1', '105');
INSERT INTO `zend_rights` VALUES ('28', '1', '108');
INSERT INTO `zend_rights` VALUES ('29', '1', '157');
INSERT INTO `zend_rights` VALUES ('30', '1', '251');
INSERT INTO `zend_rights` VALUES ('31', '1', '100');
INSERT INTO `zend_rights` VALUES ('32', '1', '104');
INSERT INTO `zend_rights` VALUES ('33', '1', '107');
INSERT INTO `zend_rights` VALUES ('34', '1', '53');
INSERT INTO `zend_rights` VALUES ('35', '1', '250');
INSERT INTO `zend_rights` VALUES ('36', '1', '99');
INSERT INTO `zend_rights` VALUES ('37', '1', '103');
INSERT INTO `zend_rights` VALUES ('38', '1', '189');
INSERT INTO `zend_rights` VALUES ('39', '1', '249');
INSERT INTO `zend_rights` VALUES ('40', '1', '98');
INSERT INTO `zend_rights` VALUES ('41', '1', '102');
INSERT INTO `zend_rights` VALUES ('42', '1', '106');
INSERT INTO `zend_rights` VALUES ('43', '1', '347');
INSERT INTO `zend_rights` VALUES ('44', '1', '348');
INSERT INTO `zend_rights` VALUES ('45', '1', '349');
INSERT INTO `zend_rights` VALUES ('46', '1', '350');
INSERT INTO `zend_rights` VALUES ('47', '1', '351');
INSERT INTO `zend_rights` VALUES ('48', '1', '352');
INSERT INTO `zend_rights` VALUES ('49', '1', '353');
INSERT INTO `zend_rights` VALUES ('50', '1', '354');
INSERT INTO `zend_rights` VALUES ('51', '1', '355');
INSERT INTO `zend_rights` VALUES ('52', '1', '356');
INSERT INTO `zend_rights` VALUES ('53', '1', '357');
INSERT INTO `zend_rights` VALUES ('54', '1', '358');
INSERT INTO `zend_rights` VALUES ('55', '1', '359');
INSERT INTO `zend_rights` VALUES ('56', '1', '360');
INSERT INTO `zend_rights` VALUES ('57', '1', '361');
INSERT INTO `zend_rights` VALUES ('58', '2', '358');
INSERT INTO `zend_rights` VALUES ('59', '2', '357');
INSERT INTO `zend_rights` VALUES ('60', '2', '59');
INSERT INTO `zend_rights` VALUES ('61', '2', '58');
INSERT INTO `zend_rights` VALUES ('62', '2', '227');
INSERT INTO `zend_rights` VALUES ('63', '2', '350');
INSERT INTO `zend_rights` VALUES ('64', '2', '349');
INSERT INTO `zend_rights` VALUES ('65', '1', '362');
INSERT INTO `zend_rights` VALUES ('66', '1', '363');
INSERT INTO `zend_rights` VALUES ('67', '1', '364');
INSERT INTO `zend_rights` VALUES ('68', '1', '365');
INSERT INTO `zend_rights` VALUES ('69', '1', '366');

-- ----------------------------
-- View structure for `get_sesion`
-- ----------------------------
DROP VIEW IF EXISTS `get_sesion`;
